gitrev,arm,seed,epoch,test_acc,loss,elapsed_s,epochs,batch,lr,hidden,output,ntrain
ddbaa3d,phasor_bp_flip,1001,1,0.836,1.7405059936198783,36.91136312484741,8,256,0.001,256,64,60000
ddbaa3d,phasor_bp_flip,1001,2,0.8507,1.6370544240829792,39.27862811088562,8,256,0.001,256,64,60000
ddbaa3d,phasor_bp_flip,1001,3,0.8562,1.6281683160903606,41.91928005218506,8,256,0.001,256,64,60000
ddbaa3d,phasor_bp_flip,1001,4,0.8606,1.617325287676872,43.87390089035034,8,256,0.001,256,64,60000
ddbaa3d,phasor_bp_flip,1001,5,0.863,1.6087146672796695,45.4765739440918,8,256,0.001,256,64,60000
ddbaa3d,phasor_bp_flip,1001,6,0.8663,1.6073261747968959,47.48155403137207,8,256,0.001,256,64,60000
ddbaa3d,phasor_bp_flip,1001,7,0.869,1.6002639663980363,49.50078010559082,8,256,0.001,256,64,60000
ddbaa3d,phasor_bp_flip,1001,8,0.8698,1.6036313285218908,51.31334209442139,8,256,0.001,256,64,60000
ddbaa3d,phasor_bp_flip,1002,1,0.8382,1.7369241531859052,1.802042007446289,8,256,0.001,256,64,60000
ddbaa3d,phasor_bp_flip,1002,2,0.8504,1.6557041218940247,3.8623790740966797,8,256,0.001,256,64,60000
ddbaa3d,phasor_bp_flip,1002,3,0.8566,1.6355785953237656,5.909415006637573,8,256,0.001,256,64,60000
ddbaa3d,phasor_bp_flip,1002,4,0.856,1.6246265061358187,7.529664993286133,8,256,0.001,256,64,60000
ddbaa3d,phasor_bp_flip,1002,5,0.8638,1.6140264176307841,9.525331020355225,8,256,0.001,256,64,60000
ddbaa3d,phasor_bp_flip,1002,6,0.8628,1.6195733435610506,11.517965078353882,8,256,0.001,256,64,60000
ddbaa3d,phasor_bp_flip,1002,7,0.8664,1.617610401295601,13.548063039779663,8,256,0.001,256,64,60000
ddbaa3d,phasor_bp_flip,1002,8,0.8688,1.610565268739741,15.774760007858276,8,256,0.001,256,64,60000
ddbaa3d,phasor_bp_flip,1003,1,0.8372,1.749406641594907,2.0412778854370117,8,256,0.001,256,64,60000
ddbaa3d,phasor_bp_flip,1003,2,0.8529,1.6393093033039823,4.049384832382202,8,256,0.001,256,64,60000
ddbaa3d,phasor_bp_flip,1003,3,0.8609,1.6265198377852743,6.007285833358765,8,256,0.001,256,64,60000
ddbaa3d,phasor_bp_flip,1003,4,0.8609,1.620264828966019,7.609493017196655,8,256,0.001,256,64,60000
ddbaa3d,phasor_bp_flip,1003,5,0.8641,1.6175496892726167,9.479533910751343,8,256,0.001,256,64,60000
ddbaa3d,phasor_bp_flip,1003,6,0.8651,1.6095182307223057,11.377743005752563,8,256,0.001,256,64,60000
ddbaa3d,phasor_bp_flip,1003,7,0.8653,1.6145743471510867,13.238830804824829,8,256,0.001,256,64,60000
ddbaa3d,phasor_bp_flip,1003,8,0.8692,1.5999243756558033,14.6995108127594,8,256,0.001,256,64,60000
ddbaa3d,phasor_bp_flip,1004,1,0.8332,1.7389014827444198,1.9132959842681885,8,256,0.001,256,64,60000
ddbaa3d,phasor_bp_flip,1004,2,0.8496,1.6401506926151033,3.7814879417419434,8,256,0.001,256,64,60000
ddbaa3d,phasor_bp_flip,1004,3,0.8519,1.6212250907370385,5.636435031890869,8,256,0.001,256,64,60000
ddbaa3d,phasor_bp_flip,1004,4,0.8604,1.6217379793207696,7.13207483291626,8,256,0.001,256,64,60000
ddbaa3d,phasor_bp_flip,1004,5,0.8654,1.6083726685097877,9.59648585319519,8,256,0.001,256,64,60000
ddbaa3d,phasor_bp_flip,1004,6,0.8654,1.6043081537206123,11.427050828933716,8,256,0.001,256,64,60000
ddbaa3d,phasor_bp_flip,1004,7,0.8669,1.6011145054025853,13.252532005310059,8,256,0.001,256,64,60000
ddbaa3d,phasor_bp_flip,1004,8,0.8709,1.596412388314592,14.70687484741211,8,256,0.001,256,64,60000
ddbaa3d,phasor_bp_flip,1005,1,0.8325,1.7503591578057471,1.8697199821472168,8,256,0.001,256,64,60000
ddbaa3d,phasor_bp_flip,1005,2,0.8496,1.6419966444056084,3.7590208053588867,8,256,0.001,256,64,60000
ddbaa3d,phasor_bp_flip,1005,3,0.8574,1.6252772351528735,5.663542985916138,8,256,0.001,256,64,60000
ddbaa3d,phasor_bp_flip,1005,4,0.8627,1.6172344588218852,7.107528924942017,8,256,0.001,256,64,60000
ddbaa3d,phasor_bp_flip,1005,5,0.8654,1.6156891132922884,8.865697860717773,8,256,0.001,256,64,60000
ddbaa3d,phasor_bp_flip,1005,6,0.8654,1.60504501677574,10.804365873336792,8,256,0.001,256,64,60000
ddbaa3d,phasor_bp_flip,1005,7,0.8696,1.6013892675967927,12.686347961425781,8,256,0.001,256,64,60000
ddbaa3d,phasor_bp_flip,1005,8,0.8681,1.5986668231639456,14.16982388496399,8,256,0.001,256,64,60000
ddbaa3d,phasor_bp_flip,1006,1,0.8398,1.7430617910750368,1.8928580284118652,8,256,0.001,256,64,60000
ddbaa3d,phasor_bp_flip,1006,2,0.8477,1.6450389045350096,3.738672971725464,8,256,0.001,256,64,60000
ddbaa3d,phasor_bp_flip,1006,3,0.8532,1.6495470549197908,6.139618158340454,8,256,0.001,256,64,60000
ddbaa3d,phasor_bp_flip,1006,4,0.8548,1.6352043572892534,7.750120162963867,8,256,0.001,256,64,60000
ddbaa3d,phasor_bp_flip,1006,5,0.8627,1.6230460166931153,9.475594997406006,8,256,0.001,256,64,60000
ddbaa3d,phasor_bp_flip,1006,6,0.8643,1.6135566371552488,11.397444009780884,8,256,0.001,256,64,60000
ddbaa3d,phasor_bp_flip,1006,7,0.8682,1.6058280153477447,13.321006059646606,8,256,0.001,256,64,60000
ddbaa3d,phasor_bp_flip,1006,8,0.8659,1.6021699910468243,15.023487091064453,8,256,0.001,256,64,60000
ddbaa3d,phasor_bp_flip,1007,1,0.8343,1.7441516384165339,1.654278039932251,8,256,0.001,256,64,60000
ddbaa3d,phasor_bp_flip,1007,2,0.8463,1.6505043247912792,3.539700984954834,8,256,0.001,256,64,60000
ddbaa3d,phasor_bp_flip,1007,3,0.8539,1.6382449550831573,5.448855876922607,8,256,0.001,256,64,60000
ddbaa3d,phasor_bp_flip,1007,4,0.8579,1.6204773162273651,7.288440942764282,8,256,0.001,256,64,60000
ddbaa3d,phasor_bp_flip,1007,5,0.8628,1.6174431805915022,8.798619031906128,8,256,0.001,256,64,60000
ddbaa3d,phasor_bp_flip,1007,6,0.8657,1.608267144953951,10.730751991271973,8,256,0.001,256,64,60000
ddbaa3d,phasor_bp_flip,1007,7,0.8678,1.6030901381309997,12.610761880874634,8,256,0.001,256,64,60000
ddbaa3d,phasor_bp_flip,1007,8,0.868,1.6019444704055785,14.819411993026733,8,256,0.001,256,64,60000
ddbaa3d,phasor_bp_flip,1008,1,0.8352,1.7356577178265187,1.8402440547943115,8,256,0.001,256,64,60000
ddbaa3d,phasor_bp_flip,1008,2,0.8519,1.6426680219934342,3.7315409183502197,8,256,0.001,256,64,60000
ddbaa3d,phasor_bp_flip,1008,3,0.8533,1.6264712947480222,5.5816590785980225,8,256,0.001,256,64,60000
ddbaa3d,phasor_bp_flip,1008,4,0.8563,1.6178365616088217,7.348164081573486,8,256,0.001,256,64,60000
ddbaa3d,phasor_bp_flip,1008,5,0.8612,1.6303927167933039,8.911700010299683,8,256,0.001,256,64,60000
ddbaa3d,phasor_bp_flip,1008,6,0.8661,1.615275160302507,10.788399934768677,8,256,0.001,256,64,60000
ddbaa3d,phasor_bp_flip,1008,7,0.8659,1.607117041121138,12.673804998397827,8,256,0.001,256,64,60000
ddbaa3d,phasor_bp_flip,1008,8,0.8663,1.5994235951849756,14.499084949493408,8,256,0.001,256,64,60000
ddbaa3d,phasor_bp_flip,1009,1,0.837,1.7418036633349478,1.5260100364685059,8,256,0.001,256,64,60000
ddbaa3d,phasor_bp_flip,1009,2,0.8493,1.6464311670749745,3.4048268795013428,8,256,0.001,256,64,60000
ddbaa3d,phasor_bp_flip,1009,3,0.8574,1.6233086880217207,5.279358863830566,8,256,0.001,256,64,60000
ddbaa3d,phasor_bp_flip,1009,4,0.8591,1.625542846131832,7.115833044052124,8,256,0.001,256,64,60000
ddbaa3d,phasor_bp_flip,1009,5,0.862,1.611667558994699,9.242008924484253,8,256,0.001,256,64,60000
ddbaa3d,phasor_bp_flip,1009,6,0.8682,1.6048132247113167,11.101563930511475,8,256,0.001,256,64,60000
ddbaa3d,phasor_bp_flip,1009,7,0.8698,1.6035784290191974,12.989933013916016,8,256,0.001,256,64,60000
ddbaa3d,phasor_bp_flip,1009,8,0.8666,1.609290146320424,14.932584047317505,8,256,0.001,256,64,60000
ddbaa3d,phasor_bp_flip,1010,1,0.8322,1.7475246972226082,1.6693050861358643,8,256,0.001,256,64,60000
ddbaa3d,phasor_bp_flip,1010,2,0.8514,1.649287944144391,3.8257389068603516,8,256,0.001,256,64,60000
ddbaa3d,phasor_bp_flip,1010,3,0.855,1.6336108902667432,5.890036106109619,8,256,0.001,256,64,60000
ddbaa3d,phasor_bp_flip,1010,4,0.8614,1.6185662142773891,7.855747938156128,8,256,0.001,256,64,60000
ddbaa3d,phasor_bp_flip,1010,5,0.8622,1.6122490228490627,9.665235996246338,8,256,0.001,256,64,60000
ddbaa3d,phasor_bp_flip,1010,6,0.8661,1.6097894181596473,11.775450944900513,8,256,0.001,256,64,60000
ddbaa3d,phasor_bp_flip,1010,7,0.8634,1.6039863307425317,13.943034887313843,8,256,0.001,256,64,60000
ddbaa3d,phasor_bp_flip,1010,8,0.866,1.603658016184543,15.553313970565796,8,256,0.001,256,64,60000
ddbaa3d,phasor_bp_flip,1011,1,0.8334,1.7558398165601365,2.182673931121826,8,256,0.001,256,64,60000
ddbaa3d,phasor_bp_flip,1011,2,0.8504,1.6463478032578813,4.830996036529541,8,256,0.001,256,64,60000
ddbaa3d,phasor_bp_flip,1011,3,0.8574,1.6323373231482,6.802885055541992,8,256,0.001,256,64,60000
ddbaa3d,phasor_bp_flip,1011,4,0.8624,1.6238709368604294,8.60144591331482,8,256,0.001,256,64,60000
ddbaa3d,phasor_bp_flip,1011,5,0.8616,1.6244080193499302,10.72953987121582,8,256,0.001,256,64,60000
ddbaa3d,phasor_bp_flip,1011,6,0.8649,1.620214016386803,12.831106901168823,8,256,0.001,256,64,60000
ddbaa3d,phasor_bp_flip,1011,7,0.8661,1.6047708658461874,14.597156047821045,8,256,0.001,256,64,60000
ddbaa3d,phasor_bp_flip,1011,8,0.8639,1.6035088315923163,16.542221069335938,8,256,0.001,256,64,60000
ddbaa3d,phasor_bp_flip,1012,1,0.84,1.7450150905771458,2.0878219604492188,8,256,0.001,256,64,60000
ddbaa3d,phasor_bp_flip,1012,2,0.8461,1.6478641819446644,4.136979818344116,8,256,0.001,256,64,60000
ddbaa3d,phasor_bp_flip,1012,3,0.8592,1.6276074226866377,5.81789493560791,8,256,0.001,256,64,60000
ddbaa3d,phasor_bp_flip,1012,4,0.8592,1.6210600051474064,7.757575988769531,8,256,0.001,256,64,60000
ddbaa3d,phasor_bp_flip,1012,5,0.8636,1.6146105461932243,9.791149854660034,8,256,0.001,256,64,60000
ddbaa3d,phasor_bp_flip,1012,6,0.8661,1.6066751566339046,11.822881937026978,8,256,0.001,256,64,60000
ddbaa3d,phasor_bp_flip,1012,7,0.8656,1.6030725311725698,13.50453782081604,8,256,0.001,256,64,60000
ddbaa3d,phasor_bp_flip,1012,8,0.8715,1.6030032188334364,16.010096788406372,8,256,0.001,256,64,60000
ddbaa3d,phasor_bp_flip,1013,1,0.8302,1.7449242840421961,2.0287179946899414,8,256,0.001,256,64,60000
ddbaa3d,phasor_bp_flip,1013,2,0.8473,1.6461762504374726,4.01836895942688,8,256,0.001,256,64,60000
ddbaa3d,phasor_bp_flip,1013,3,0.8598,1.6304451485897633,5.69784688949585,8,256,0.001,256,64,60000
ddbaa3d,phasor_bp_flip,1013,4,0.8618,1.6183670642528127,7.712523937225342,8,256,0.001,256,64,60000
ddbaa3d,phasor_bp_flip,1013,5,0.8633,1.6124633728189672,9.76872706413269,8,256,0.001,256,64,60000
ddbaa3d,phasor_bp_flip,1013,6,0.8653,1.6083887186456234,11.661130905151367,8,256,0.001,256,64,60000
ddbaa3d,phasor_bp_flip,1013,7,0.8683,1.6044198173157713,13.436280012130737,8,256,0.001,256,64,60000
ddbaa3d,phasor_bp_flip,1013,8,0.8663,1.6180279412168137,15.439048051834106,8,256,0.001,256,64,60000
ddbaa3d,phasor_bp_flip,1014,1,0.8323,1.751528644054494,2.064481019973755,8,256,0.001,256,64,60000
ddbaa3d,phasor_bp_flip,1014,2,0.8504,1.6446434989888616,3.722069025039673,8,256,0.001,256,64,60000
ddbaa3d,phasor_bp_flip,1014,3,0.8568,1.6254580183232084,5.713608980178833,8,256,0.001,256,64,60000
ddbaa3d,phasor_bp_flip,1014,4,0.8624,1.618678882274222,7.727694034576416,8,256,0.001,256,64,60000
ddbaa3d,phasor_bp_flip,1014,5,0.8573,1.6096008072508143,10.235532999038696,8,256,0.001,256,64,60000
ddbaa3d,phasor_bp_flip,1014,6,0.8623,1.6178308547811304,11.89494800567627,8,256,0.001,256,64,60000
ddbaa3d,phasor_bp_flip,1014,7,0.8654,1.6147814238325078,13.916647911071777,8,256,0.001,256,64,60000
ddbaa3d,phasor_bp_flip,1014,8,0.8678,1.6148104464754145,15.845012903213501,8,256,0.001,256,64,60000
ddbaa3d,phasor_bp_flip,1015,1,0.8359,1.7510208941520529,1.9058558940887451,8,256,0.001,256,64,60000
ddbaa3d,phasor_bp_flip,1015,2,0.8528,1.648365966817166,3.4271528720855713,8,256,0.001,256,64,60000
ddbaa3d,phasor_bp_flip,1015,3,0.8563,1.6262536211216703,5.312170028686523,8,256,0.001,256,64,60000
ddbaa3d,phasor_bp_flip,1015,4,0.8631,1.6164895920043296,7.211390018463135,8,256,0.001,256,64,60000
ddbaa3d,phasor_bp_flip,1015,5,0.8635,1.6141710220499241,9.121336936950684,8,256,0.001,256,64,60000
ddbaa3d,phasor_bp_flip,1015,6,0.8659,1.609342550216837,10.659626960754395,8,256,0.001,256,64,60000
ddbaa3d,phasor_bp_flip,1015,7,0.8622,1.6038260962100739,12.444200992584229,8,256,0.001,256,64,60000
ddbaa3d,phasor_bp_flip,1015,8,0.8683,1.6121852017463523,14.322715997695923,8,256,0.001,256,64,60000
ddbaa3d,phasor_bp_flip,1016,1,0.8381,1.740187993962714,1.9234778881072998,8,256,0.001,256,64,60000
ddbaa3d,phasor_bp_flip,1016,2,0.851,1.6409546106419666,3.9266459941864014,8,256,0.001,256,64,60000
ddbaa3d,phasor_bp_flip,1016,3,0.8531,1.633082760141251,5.844129800796509,8,256,0.001,256,64,60000
ddbaa3d,phasor_bp_flip,1016,4,0.8612,1.6196521921360747,7.734630823135376,8,256,0.001,256,64,60000
ddbaa3d,phasor_bp_flip,1016,5,0.8611,1.608600605802333,9.651046991348267,8,256,0.001,256,64,60000
ddbaa3d,phasor_bp_flip,1016,6,0.8668,1.6060309364440593,11.366976976394653,8,256,0.001,256,64,60000
ddbaa3d,phasor_bp_flip,1016,7,0.8652,1.6058841852431602,13.06302285194397,8,256,0.001,256,64,60000
ddbaa3d,phasor_bp_flip,1016,8,0.868,1.6006314455194677,14.999192953109741,8,256,0.001,256,64,60000
ddbaa3d,phasor_bp_flip,1017,1,0.8338,1.741803194614167,1.8694939613342285,8,256,0.001,256,64,60000
ddbaa3d,phasor_bp_flip,1017,2,0.8491,1.6412728096576448,3.6531589031219482,8,256,0.001,256,64,60000
ddbaa3d,phasor_bp_flip,1017,3,0.8576,1.6328260695680659,5.194195032119751,8,256,0.001,256,64,60000
ddbaa3d,phasor_bp_flip,1017,4,0.8609,1.6222969836377084,7.061023950576782,8,256,0.001,256,64,60000
ddbaa3d,phasor_bp_flip,1017,5,0.8654,1.61579629461816,8.936025857925415,8,256,0.001,256,64,60000
ddbaa3d,phasor_bp_flip,1017,6,0.8702,1.6047091894961418,10.819983959197998,8,256,0.001,256,64,60000
ddbaa3d,phasor_bp_flip,1017,7,0.8669,1.6014986692590916,12.965216875076294,8,256,0.001,256,64,60000
ddbaa3d,phasor_bp_flip,1017,8,0.8676,1.6011218522457367,14.863621950149536,8,256,0.001,256,64,60000
ddbaa3d,phasor_bp_flip,1018,1,0.8385,1.7484349372539114,1.8632910251617432,8,256,0.001,256,64,60000
ddbaa3d,phasor_bp_flip,1018,2,0.8431,1.6684622029040723,3.7077109813690186,8,256,0.001,256,64,60000
ddbaa3d,phasor_bp_flip,1018,3,0.8526,1.650380028562343,5.233590126037598,8,256,0.001,256,64,60000
ddbaa3d,phasor_bp_flip,1018,4,0.8577,1.6337366144707863,7.1026930809021,8,256,0.001,256,64,60000
ddbaa3d,phasor_bp_flip,1018,5,0.8621,1.6254901054057669,9.001353979110718,8,256,0.001,256,64,60000
ddbaa3d,phasor_bp_flip,1018,6,0.8616,1.6202342231222924,10.71397590637207,8,256,0.001,256,64,60000
ddbaa3d,phasor_bp_flip,1018,7,0.8623,1.6095696261588563,12.253698110580444,8,256,0.001,256,64,60000
ddbaa3d,phasor_bp_flip,1018,8,0.8677,1.6071273884874708,14.035841941833496,8,256,0.001,256,64,60000
ddbaa3d,phasor_bp_flip,1019,1,0.8373,1.7358336225469062,1.8583149909973145,8,256,0.001,256,64,60000
ddbaa3d,phasor_bp_flip,1019,2,0.849,1.6566461050764043,3.758023977279663,8,256,0.001,256,64,60000
ddbaa3d,phasor_bp_flip,1019,3,0.8543,1.6369787687950945,5.579797983169556,8,256,0.001,256,64,60000
ddbaa3d,phasor_bp_flip,1019,4,0.8609,1.6205134300475426,8.18632698059082,8,256,0.001,256,64,60000
ddbaa3d,phasor_bp_flip,1019,5,0.8653,1.611264268895413,10.385823965072632,8,256,0.001,256,64,60000
ddbaa3d,phasor_bp_flip,1019,6,0.8632,1.6119419726919622,12.463259935379028,8,256,0.001,256,64,60000
ddbaa3d,phasor_bp_flip,1019,7,0.8649,1.606341080462679,14.294756889343262,8,256,0.001,256,64,60000
ddbaa3d,phasor_bp_flip,1019,8,0.8677,1.6021743120031153,16.454798936843872,8,256,0.001,256,64,60000
ddbaa3d,phasor_bp_flip,1020,1,0.8384,1.7472159334953794,2.182116985321045,8,256,0.001,256,64,60000
ddbaa3d,phasor_bp_flip,1020,2,0.849,1.6416033075210896,4.004347085952759,8,256,0.001,256,64,60000
ddbaa3d,phasor_bp_flip,1020,3,0.8577,1.625118119665917,6.090991020202637,8,256,0.001,256,64,60000
ddbaa3d,phasor_bp_flip,1020,4,0.8543,1.6191795176648078,8.352437973022461,8,256,0.001,256,64,60000
ddbaa3d,phasor_bp_flip,1020,5,0.8608,1.6320995061955554,10.473371028900146,8,256,0.001,256,64,60000
ddbaa3d,phasor_bp_flip,1020,6,0.8652,1.6283306897954737,12.270457983016968,8,256,0.001,256,64,60000
ddbaa3d,phasor_bp_flip,1020,7,0.8676,1.609078941953943,14.289055109024048,8,256,0.001,256,64,60000
ddbaa3d,phasor_bp_flip,1020,8,0.8651,1.6050804858512067,16.17333197593689,8,256,0.001,256,64,60000
