kind,treatment,depth,seed,n_params,init_loss,final_loss,test_acc,nan_loss,grad_w_ratio,grad_w_slope,grad_scale_mean,grad_anchor_mean,grad_alpha_mean,drift,circvar0,circvarD
local_self,old,1,1,22913,0.98246086,NaN,NaN,false,24.50474,-0.54907346,0.0036463789,NaN,NaN,0.5308663,0.8956197,0.895343
local_self,old,2,1,43970,1.0055065,NaN,NaN,false,512.99506,-0.6380726,0.025020469,NaN,NaN,0.50394815,0.8956197,0.8876115
local_self,old,4,1,86084,0.99407226,NaN,NaN,false,612104.2,-0.63226396,3.9349375,NaN,NaN,0.5013992,0.8956197,0.8916341
local_self,old,8,1,170312,0.99671435,NaN,NaN,false,1.41156e10,-0.629177,247893.83,NaN,NaN,0.5000109,0.8956197,0.88840705
local_self,old,16,1,338768,1.0056918,NaN,NaN,false,Inf,NaN,2.6128614e16,NaN,NaN,0.50002575,0.8956197,0.8903201
local_self,downscaled_ffn,1,1,22913,0.9950681,NaN,NaN,false,420.35315,-1.161373,0.0013614218,NaN,NaN,0.5189594,0.8956197,0.8830614
local_self,downscaled_ffn,2,1,43970,0.9953254,NaN,NaN,false,31817.297,-0.87521285,0.008759181,NaN,NaN,0.50384265,0.8956197,0.8881256
local_self,downscaled_ffn,4,1,86084,1.0049497,NaN,NaN,false,1.1475072e8,-0.7380094,7.5927477,NaN,NaN,0.5019678,0.8956197,0.8895487
local_self,downscaled_ffn,8,1,170312,0.99873924,NaN,NaN,false,9.626314e10,-0.54138356,1730.2616,NaN,NaN,0.49997088,0.8956197,0.8841723
local_self,downscaled_ffn,16,1,338768,0.99589604,NaN,NaN,false,1.0053502e19,-0.4837837,1.1899279e11,NaN,NaN,0.4985449,0.8956197,0.8906975
local_self,rezero,1,1,22915,0.9744493,NaN,NaN,false,468.13687,-1.1308511,0.00024761498,NaN,0.013979957,0.051889896,0.8956197,0.8956766
local_self,rezero,2,1,43974,1.0265304,NaN,NaN,false,458.78754,-0.40181416,0.0004508776,NaN,0.03982127,0.06509936,0.8956197,0.89394575
local_self,rezero,4,1,86092,1.0379032,NaN,NaN,false,1259.2996,-0.2006192,0.0009395185,NaN,0.028115205,0.09560926,0.8956197,0.8887886
local_self,rezero,8,1,170328,1.023921,NaN,NaN,false,16192.518,-0.14113349,0.0027238464,NaN,0.075787716,0.13582201,0.8956197,0.8820539
local_self,rezero,16,1,338800,0.97988963,NaN,NaN,false,4.694088e6,-0.1255278,0.12258244,NaN,5.7338095,0.1956558,0.8956197,0.88399297
local_self,rezero_recenter,1,1,22915,0.9785679,NaN,NaN,false,703.2405,-1.3222585,0.00030296252,NaN,0.002658519,0.050095346,0.8956197,0.90307647
local_self,rezero_recenter,2,1,43974,1.0235981,NaN,NaN,false,2816.7183,-0.565098,0.00016161375,NaN,0.016164199,0.0694132,0.8956197,0.90553516
local_self,rezero_recenter,4,1,86092,1.0316291,NaN,NaN,false,2714.5488,-0.24800803,0.001503382,NaN,0.069034174,0.09618863,0.8956197,0.89954567
local_self,rezero_recenter,8,1,170328,1.0194308,NaN,NaN,false,111280.19,-0.17866872,0.01656053,NaN,0.42875126,0.13857761,0.8956197,0.8960549
local_self,rezero_recenter,16,1,338800,0.9906618,NaN,NaN,false,2.525161e6,-0.12403178,0.16322796,NaN,8.846214,0.20430925,0.8956197,0.89588344
local_cross,old,1,1,20801,0.9624057,NaN,NaN,false,17.10732,-0.6925069,0.008140756,0.09339311,NaN,0.49900648,0.8956197,0.87906647
local_cross,old,2,1,39746,0.9932674,NaN,NaN,false,170.65135,-0.7206119,0.034914777,0.7540391,NaN,0.4983124,0.8956197,0.8937449
local_cross,old,4,1,77636,1.0041178,NaN,NaN,false,33612.723,-0.7337506,5.7721424,94.57462,NaN,0.5042615,0.8956197,0.8887486
local_cross,old,8,1,153416,0.9926834,NaN,NaN,false,3.7894246e9,-0.7063194,517008.78,5.1650885e6,NaN,0.49882808,0.8956197,0.88705534
local_cross,old,16,1,304976,0.9941237,NaN,NaN,false,4.551412e18,-0.69901884,3.5522527e14,6.1175565e15,NaN,0.49966758,0.8956197,0.888814
local_cross,downscaled_ffn,1,1,20801,0.990206,NaN,NaN,false,478.76855,-1.6213459,0.0028389185,0.09993902,NaN,0.5104065,0.8956197,0.8729804
local_cross,downscaled_ffn,2,1,39746,0.98770356,NaN,NaN,false,22585.186,-1.0695411,0.01687596,0.35013804,NaN,0.48910877,0.8956197,0.8849818
local_cross,downscaled_ffn,4,1,77636,0.9930141,NaN,NaN,false,2.0001425e6,-0.749679,0.23332967,13.463475,NaN,0.49897042,0.8956197,0.8878674
local_cross,downscaled_ffn,8,1,153416,0.99814534,NaN,NaN,false,4.3106864e11,-0.6941405,8192.233,198522.75,NaN,0.5006785,0.8956197,0.8858991
local_cross,downscaled_ffn,16,1,304976,1.0013719,NaN,NaN,false,1.7023397e17,-0.54915226,8.509524e9,2.1961989e11,NaN,0.49910885,0.8956197,0.8910163
local_cross,rezero,1,1,20803,0.9754495,NaN,NaN,false,408.30716,-1.5076491,0.00028493576,0.011770555,0.009277779,0.05105717,0.8956197,0.898774
local_cross,rezero,2,1,39750,1.0123837,NaN,NaN,false,375.04388,-0.54430264,8.0043654e-5,0.013409803,0.0094225155,0.06617625,0.8956197,0.8996347
local_cross,rezero,4,1,77644,1.0367647,NaN,NaN,false,1131.311,-0.23051733,0.00047531608,0.019330435,0.014834971,0.092616305,0.8956197,0.89779836
local_cross,rezero,8,1,153432,1.0448883,NaN,NaN,false,3185.1821,-0.13210702,0.0011056853,0.037136793,0.085785255,0.13041376,0.8956197,0.89198637
local_cross,rezero,16,1,305008,0.9965943,NaN,NaN,false,33212.055,-0.11034951,0.019249998,0.5743054,0.728819,0.18431067,0.8956197,0.8960174
local_cross,rezero_recenter,1,1,20803,0.97434396,NaN,NaN,false,608.91016,-1.6190922,6.695214e-5,0.008673014,0.01341876,0.048723824,0.8956197,0.8963709
local_cross,rezero_recenter,2,1,39750,1.0031576,NaN,NaN,false,607.3672,-0.56419057,0.00015112523,0.012160758,0.027814638,0.06587423,0.8956197,0.89696705
local_cross,rezero_recenter,4,1,77644,1.0417738,NaN,NaN,false,893.38495,-0.23241182,0.0008616431,0.014903994,0.021497367,0.09202162,0.8956197,0.90225303
local_cross,rezero_recenter,8,1,153432,1.0428014,NaN,NaN,false,6663.136,-0.16065124,0.00314618,0.08254832,0.105682455,0.12944698,0.8956197,0.9011861
local_cross,rezero_recenter,16,1,305008,0.996219,NaN,NaN,false,220870.6,-0.12403988,0.027214805,0.7104729,1.3587205,0.18095006,0.8956197,0.9072073
ssm_self,old,1,1,22913,1.0359663,NaN,NaN,false,3.9518049,0.09507006,0.000108775894,NaN,NaN,0.5240583,0.8956197,0.9054605
ssm_self,old,2,1,43970,1.0342298,NaN,NaN,false,28.645435,-0.19978572,0.00080682826,NaN,NaN,0.50985557,0.8956197,0.88429385
ssm_self,old,4,1,86084,0.993596,NaN,NaN,false,644.3137,-0.26930127,0.023055233,NaN,NaN,0.49941874,0.8956197,0.8848802
ssm_self,old,8,1,170312,1.0019916,NaN,NaN,false,63530.594,-0.23741695,0.54741937,NaN,NaN,0.49570507,0.8956197,0.88883495
ssm_self,old,16,1,338768,1.0154337,NaN,NaN,false,1.0568082e12,-0.31776163,265583.7,NaN,NaN,0.49926534,0.8956197,0.8872911
ssm_self,downscaled_ffn,1,1,22913,1.0120041,NaN,NaN,false,35.059914,-0.4442701,6.732978e-5,NaN,NaN,0.51774794,0.8956197,0.92517185
ssm_self,downscaled_ffn,2,1,43970,0.9929066,NaN,NaN,false,123.42597,-0.26581147,0.00013478412,NaN,NaN,0.49148896,0.8956197,0.8951224
ssm_self,downscaled_ffn,4,1,86084,0.9952183,NaN,NaN,false,732.214,-0.19575243,0.0011519749,NaN,NaN,0.5040155,0.8956197,0.88716596
ssm_self,downscaled_ffn,8,1,170312,0.9965615,NaN,NaN,false,47680.87,-0.18144606,0.016117183,NaN,NaN,0.49885318,0.8956197,0.8889762
ssm_self,downscaled_ffn,16,1,338768,1.0204244,NaN,NaN,false,1.4343066e7,-0.16742241,4.9967346,NaN,NaN,0.49985012,0.8956197,0.8852783
ssm_self,rezero,1,1,22915,0.97897434,NaN,NaN,false,405.24594,-0.7948132,2.3892137e-5,NaN,0.0085459035,0.051752567,0.8956197,0.89461327
ssm_self,rezero,2,1,43974,1.0109608,NaN,NaN,false,278.2893,-0.20423199,2.4365192e-5,NaN,0.01740955,0.07159888,0.8956197,0.8950524
ssm_self,rezero,4,1,86092,1.0500377,NaN,NaN,false,555.50214,-0.0782148,2.2013173e-5,NaN,0.032303642,0.09845293,0.8956197,0.88962346
ssm_self,rezero,8,1,170328,1.0410635,NaN,NaN,false,224.50557,-0.03208458,3.577736e-5,NaN,0.020267265,0.13766745,0.8956197,0.87705654
ssm_self,rezero,16,1,338800,0.9820769,NaN,NaN,false,506.23135,-0.013132838,2.0596826e-5,NaN,0.010549368,0.20030726,0.8956197,0.87213033
ssm_self,rezero_recenter,1,1,22915,0.9803987,NaN,NaN,false,843.6538,-1.02141,4.486555e-5,NaN,0.016218655,0.05143127,0.8956197,0.89693844
ssm_self,rezero_recenter,2,1,43974,1.0176742,NaN,NaN,false,408.4512,-0.29249898,2.874832e-5,NaN,0.006707196,0.07300331,0.8956197,0.89687455
ssm_self,rezero_recenter,4,1,86092,1.04145,NaN,NaN,false,453.9911,-0.08883129,2.6270218e-5,NaN,0.012280489,0.10454084,0.8956197,0.8923682
ssm_self,rezero_recenter,8,1,170328,1.022126,NaN,NaN,false,895.0392,-0.055522244,8.12737e-5,NaN,0.027857715,0.14791986,0.8956197,0.89797866
ssm_self,rezero_recenter,16,1,338800,1.0115433,NaN,NaN,false,1684.5934,-0.02390053,0.00010470763,NaN,0.029050183,0.20311081,0.8956197,0.8923465
