arm,path,depth,seed,residual_mode,init_scale,bias_magnitude,recenter,init_loss,final_loss,test_acc,grad_ratio,bdisp_mean,drift_final
baseline,sequential,2,1,bind,1.0,1.0,false,0.9678017,0.2989048,0.6305,1.839921,0.19909158,0.3077964
baseline,sequential,5,1,bind,1.0,1.0,false,0.9980255,0.27787015,0.696,7.2625184,0.20163567,0.40461728
baseline,sequential,8,1,bind,1.0,1.0,false,1.0343106,0.31260198,0.6995,21.555643,0.18979731,0.45829672
baseline,sequential,10,1,bind,1.0,1.0,false,1.0175331,0.49298653,0.5805,76.58194,0.1842553,0.47745475
baseline,sequential,12,1,bind,1.0,1.0,false,0.9812911,0.9261303,0.133,44.188362,0.17932844,0.4858074
baseline,sequential,15,1,bind,1.0,1.0,false,0.9800015,0.9856656,0.096,159.30286,0.17273588,0.49900082
baseline,sequential,20,1,bind,1.0,1.0,false,1.0221995,0.9775399,0.114,604.39935,0.16296604,0.49845853
baseline,sequential,30,1,bind,1.0,1.0,false,1.0005641,1.0030266,0.1005,19175.012,0.14817467,0.49395254
baseline,sequential,50,1,bind,1.0,1.0,false,0.99407756,0.9910735,0.0985,7.534679e8,0.13070974,0.498352
bias4,sequential,2,1,bind,1.0,4.0,false,0.987139,0.36273676,0.57,6.2327085,0.022489127,0.03004981
bias4,sequential,5,1,bind,1.0,4.0,false,0.9608411,0.30244926,0.5725,12.777393,0.02441696,0.05499081
bias4,sequential,8,1,bind,1.0,4.0,false,0.9884237,0.29313222,0.6135,4.938669,0.024912402,0.065846466
bias4,sequential,10,1,bind,1.0,4.0,false,1.0421915,0.23506679,0.6525,7.4364634,0.025593689,0.082099654
bias4,sequential,12,1,bind,1.0,4.0,false,1.0001435,0.24836168,0.616,7.183703,0.026005812,0.087091826
bias4,sequential,15,1,bind,1.0,4.0,false,1.008631,0.2248437,0.688,5.660115,0.026883453,0.0980739
bias4,sequential,20,1,bind,1.0,4.0,false,1.0185635,0.23075879,0.695,5.5980253,0.027645132,0.12120255
bias4,sequential,30,1,bind,1.0,4.0,false,0.9678806,0.20292164,0.667,8.307513,0.02877448,0.14206669
bias4,sequential,50,1,bind,1.0,4.0,false,0.9978679,0.21482635,0.722,11.3637905,0.03046486,0.21212418
bias16,sequential,2,1,bind,1.0,16.0,false,0.99491084,0.4909723,0.3135,26.253843,0.0052922564,0.0070315683
bias16,sequential,5,1,bind,1.0,16.0,false,0.9652913,0.43134722,0.4885,54.522068,0.005386067,0.0118255885
bias16,sequential,8,1,bind,1.0,16.0,false,1.0010173,0.41111282,0.5065,24.058777,0.005501961,0.014607235
bias16,sequential,10,1,bind,1.0,16.0,false,1.0374994,0.3403285,0.525,29.093744,0.0055694655,0.018073808
bias16,sequential,12,1,bind,1.0,16.0,false,0.9935801,0.34155273,0.5345,30.562216,0.005553301,0.019046629
bias16,sequential,15,1,bind,1.0,16.0,false,1.0109869,0.3235176,0.595,26.78157,0.0055873683,0.020746278
bias16,sequential,20,1,bind,1.0,16.0,false,1.0273709,0.3317735,0.5405,21.352476,0.0055511873,0.024572138
bias16,sequential,30,1,bind,1.0,16.0,false,0.9668345,0.28268805,0.593,34.19899,0.00559974,0.028476855
bias16,sequential,50,1,bind,1.0,16.0,false,1.0009935,0.25786263,0.6615,29.1637,0.005661459,0.041267425
wscale0.1,sequential,2,1,bind,0.1,1.0,false,0.99344647,0.26405883,0.6325,1.6355556,0.008515271,0.011287749
wscale0.1,sequential,5,1,bind,0.1,1.0,false,0.9650893,0.23162675,0.679,3.4088125,0.008752802,0.019200465
wscale0.1,sequential,8,1,bind,0.1,1.0,false,1.0001879,0.25532055,0.679,1.4343276,0.008913553,0.0235177
wscale0.1,sequential,10,1,bind,0.1,1.0,false,1.0374229,0.21362261,0.652,1.8343339,0.009049246,0.029218415
wscale0.1,sequential,12,1,bind,0.1,1.0,false,0.99467266,0.22620845,0.677,1.8910955,0.009055984,0.030700624
wscale0.1,sequential,15,1,bind,0.1,1.0,false,1.0110384,0.24499927,0.683,1.6234374,0.009143516,0.033457212
wscale0.1,sequential,20,1,bind,0.1,1.0,false,1.0285227,0.22966985,0.6765,1.3672032,0.009128126,0.04020557
wscale0.1,sequential,30,1,bind,0.1,1.0,false,0.9644338,0.23163833,0.724,2.0416827,0.00924757,0.046455678
wscale0.1,sequential,50,1,bind,0.1,1.0,false,0.9972559,0.22361796,0.706,1.8214214,0.009464602,0.06752317
rezero,sequential,2,1,rezero,1.0,1.0,false,0.9973645,0.5569787,0.284,1.980518e11,3.4499732e-9,6.8999464e-9
rezero,sequential,5,1,rezero,1.0,1.0,false,0.96510994,0.5459127,0.4195,3.5383194e11,1.3799892e-9,6.8999464e-9
rezero,sequential,8,1,rezero,1.0,1.0,false,1.0006526,0.5396454,0.3955,2.137033e11,8.624933e-10,6.8999464e-9
rezero,sequential,10,1,rezero,1.0,1.0,false,1.0383457,0.48251638,0.4275,2.6770863e11,6.899946e-10,6.8999464e-9
rezero,sequential,12,1,rezero,1.0,1.0,false,0.99125683,0.50000244,0.4515,2.294281e11,5.7499555e-10,6.8999464e-9
rezero,sequential,15,1,rezero,1.0,1.0,false,1.0107198,0.5313875,0.444,2.3207531e11,4.5999643e-10,6.8999464e-9
rezero,sequential,20,1,rezero,1.0,1.0,false,1.0247879,0.5118183,0.4555,1.7710567e11,3.449973e-10,6.8999464e-9
rezero,sequential,30,1,rezero,1.0,1.0,false,0.9727724,0.43551636,0.529,3.2261253e11,2.2999821e-10,6.8999464e-9
rezero,sequential,50,1,rezero,1.0,1.0,false,1.0059845,0.36973783,0.5595,2.5810641e11,1.3799893e-10,6.8999464e-9
recenter,sequential,2,1,bind,1.0,1.0,true,0.9654272,0.33323392,0.6155,1.3231031,0.19970593,0.30759278
recenter,sequential,5,1,bind,1.0,1.0,true,1.0003937,0.30823895,0.683,9.598342,0.21115,0.4021737
recenter,sequential,8,1,bind,1.0,1.0,true,1.0356398,0.36523655,0.639,26.671608,0.20889775,0.4401525
recenter,sequential,10,1,bind,1.0,1.0,true,0.99481666,0.404272,0.5825,141.56078,0.21208939,0.4559959
recenter,sequential,12,1,bind,1.0,1.0,true,1.00435,0.98297447,0.119,607.2,0.21167795,0.4588557
recenter,sequential,15,1,bind,1.0,1.0,true,1.0019455,1.0142268,0.097,784.9201,0.2087524,0.46322867
recenter,sequential,20,1,bind,1.0,1.0,true,0.9848302,0.9841915,0.1105,35320.09,0.1999026,0.4625954
recenter,sequential,30,1,bind,1.0,1.0,true,0.9862417,0.99479973,0.1,3.6435252e7,0.18614994,0.46017674
recenter,sequential,50,1,bind,1.0,1.0,true,1.0079577,1.0235096,0.1045,4.708687e13,0.16956675,0.46367258
