path,depth,use_bias,use_residual,seed,layer_index,grad_norm
sequential,1,false,false,1,1,0.9318744
sequential,1,false,false,1,2,0.5008779
sequential,1,true,false,1,1,0.29862392
sequential,1,true,false,1,2,0.40128753
sequential,1,false,true,1,1,0.6709538
sequential,1,false,true,1,2,0.43944898
sequential,1,true,true,1,1,0.37940887
sequential,1,true,true,1,2,0.49061626
sequential,2,false,false,1,1,0.9956965
sequential,2,false,false,1,2,0.6497066
sequential,2,false,false,1,3,0.4056561
sequential,2,true,false,1,1,0.3081501
sequential,2,true,false,1,2,0.32466763
sequential,2,true,false,1,3,0.32122013
sequential,2,false,true,1,1,1.5312756
sequential,2,false,true,1,2,0.8416919
sequential,2,false,true,1,3,0.33454165
sequential,2,true,true,1,1,0.4946887
sequential,2,true,true,1,2,0.4846442
sequential,2,true,true,1,3,0.2688641
sequential,3,false,false,1,1,1.2216805
sequential,3,false,false,1,2,1.2083743
sequential,3,false,false,1,3,0.6646222
sequential,3,false,false,1,4,0.5242869
sequential,3,true,false,1,1,0.4142981
sequential,3,true,false,1,2,0.4667931
sequential,3,true,false,1,3,0.44994769
sequential,3,true,false,1,4,0.5981898
sequential,3,false,true,1,1,5.025944
sequential,3,false,true,1,2,1.9046099
sequential,3,false,true,1,3,0.78853047
sequential,3,false,true,1,4,0.55761915
sequential,3,true,true,1,1,0.7829728
sequential,3,true,true,1,2,0.90346503
sequential,3,true,true,1,3,0.702207
sequential,3,true,true,1,4,0.3830616
sequential,4,false,false,1,1,1.9295675
sequential,4,false,false,1,2,2.143585
sequential,4,false,false,1,3,1.110131
sequential,4,false,false,1,4,0.84538287
sequential,4,false,false,1,5,0.47742602
sequential,4,true,false,1,1,0.2737369
sequential,4,true,false,1,2,0.51179755
sequential,4,true,false,1,3,0.5777324
sequential,4,true,false,1,4,0.454838
sequential,4,true,false,1,5,0.34748104
sequential,4,false,true,1,1,7.870715
sequential,4,false,true,1,2,4.0527773
sequential,4,false,true,1,3,1.5687793
sequential,4,false,true,1,4,1.2278231
sequential,4,false,true,1,5,0.2715874
sequential,4,true,true,1,1,1.3629403
sequential,4,true,true,1,2,1.7669495
sequential,4,true,true,1,3,1.0039357
sequential,4,true,true,1,4,0.4922208
sequential,4,true,true,1,5,0.26443294
sequential,5,false,false,1,1,4.225503
sequential,5,false,false,1,2,2.5394745
sequential,5,false,false,1,3,1.2558025
sequential,5,false,false,1,4,0.8255645
sequential,5,false,false,1,5,0.44069427
sequential,5,false,false,1,6,0.36036214
sequential,5,true,false,1,1,0.42315322
sequential,5,true,false,1,2,0.7100127
sequential,5,true,false,1,3,0.7803677
sequential,5,true,false,1,4,0.70635694
sequential,5,true,false,1,5,0.77742374
sequential,5,true,false,1,6,0.32800478
sequential,5,false,true,1,1,6.6890416
sequential,5,false,true,1,2,3.425072
sequential,5,false,true,1,3,1.4851242
sequential,5,false,true,1,4,1.1900256
sequential,5,false,true,1,5,0.4522799
sequential,5,false,true,1,6,0.19535843
sequential,5,true,true,1,1,1.6760695
sequential,5,true,true,1,2,2.548228
sequential,5,true,true,1,3,1.5236675
sequential,5,true,true,1,4,0.54226667
sequential,5,true,true,1,5,0.30039632
sequential,5,true,true,1,6,0.2307835
sequential,6,false,false,1,1,3.936955
sequential,6,false,false,1,2,2.4005005
sequential,6,false,false,1,3,1.3209112
sequential,6,false,false,1,4,1.0285951
sequential,6,false,false,1,5,0.56057906
sequential,6,false,false,1,6,0.5075797
sequential,6,false,false,1,7,0.3310647
sequential,6,true,false,1,1,0.3458247
sequential,6,true,false,1,2,0.560592
sequential,6,true,false,1,3,0.4240748
sequential,6,true,false,1,4,0.39459342
sequential,6,true,false,1,5,0.23150769
sequential,6,true,false,1,6,0.25814536
sequential,6,true,false,1,7,0.16443808
sequential,6,false,true,1,1,11.074095
sequential,6,false,true,1,2,7.9348536
sequential,6,false,true,1,3,3.477906
sequential,6,false,true,1,4,4.0952992
sequential,6,false,true,1,5,0.98540604
sequential,6,false,true,1,6,0.41200447
sequential,6,false,true,1,7,0.24585988
sequential,6,true,true,1,1,2.3169408
sequential,6,true,true,1,2,2.7292078
sequential,6,true,true,1,3,1.7175108
sequential,6,true,true,1,4,0.65074915
sequential,6,true,true,1,5,0.43213865
sequential,6,true,true,1,6,0.29075733
sequential,6,true,true,1,7,0.16521786
sequential,7,false,false,1,1,9.751467
sequential,7,false,false,1,2,8.799496
sequential,7,false,false,1,3,2.1204448
sequential,7,false,false,1,4,1.418132
sequential,7,false,false,1,5,0.95598304
sequential,7,false,false,1,6,0.5588104
sequential,7,false,false,1,7,0.4384712
sequential,7,false,false,1,8,0.36354378
sequential,7,true,false,1,1,0.9969819
sequential,7,true,false,1,2,1.3868786
sequential,7,true,false,1,3,0.91016823
sequential,7,true,false,1,4,0.9681377
sequential,7,true,false,1,5,0.6134859
sequential,7,true,false,1,6,0.64819014
sequential,7,true,false,1,7,0.39672473
sequential,7,true,false,1,8,0.6034606
sequential,7,false,true,1,1,35.426216
sequential,7,false,true,1,2,14.94208
sequential,7,false,true,1,3,5.766307
sequential,7,false,true,1,4,15.407995
sequential,7,false,true,1,5,1.7714424
sequential,7,false,true,1,6,0.8156914
sequential,7,false,true,1,7,0.44289324
sequential,7,false,true,1,8,0.21667856
sequential,7,true,true,1,1,2.1653762
sequential,7,true,true,1,2,3.6192856
sequential,7,true,true,1,3,1.352421
sequential,7,true,true,1,4,0.82616335
sequential,7,true,true,1,5,0.40930983
sequential,7,true,true,1,6,0.30026755
sequential,7,true,true,1,7,0.16750582
sequential,7,true,true,1,8,0.14811811
sequential,8,false,false,1,1,9.636225
sequential,8,false,false,1,2,8.457759
sequential,8,false,false,1,3,3.3032806
sequential,8,false,false,1,4,2.6155882
sequential,8,false,false,1,5,1.459905
sequential,8,false,false,1,6,1.360178
sequential,8,false,false,1,7,0.9790885
sequential,8,false,false,1,8,0.5411334
sequential,8,false,false,1,9,0.3284438
sequential,8,true,false,1,1,1.1903214
sequential,8,true,false,1,2,1.8475968
sequential,8,true,false,1,3,1.687827
sequential,8,true,false,1,4,0.99225163
sequential,8,true,false,1,5,0.7301109
sequential,8,true,false,1,6,0.6911342
sequential,8,true,false,1,7,0.5143836
sequential,8,true,false,1,8,0.4343796
sequential,8,true,false,1,9,0.40425345
sequential,8,false,true,1,1,70.66494
sequential,8,false,true,1,2,32.929913
sequential,8,false,true,1,3,12.702657
sequential,8,false,true,1,4,26.148293
sequential,8,false,true,1,5,2.7119546
sequential,8,false,true,1,6,1.362498
sequential,8,false,true,1,7,0.76645577
sequential,8,false,true,1,8,0.43192962
sequential,8,false,true,1,9,0.19349504
sequential,8,true,true,1,1,2.8156013
sequential,8,true,true,1,2,3.6655147
sequential,8,true,true,1,3,1.8439854
sequential,8,true,true,1,4,0.94241774
sequential,8,true,true,1,5,0.5085888
sequential,8,true,true,1,6,0.33572793
sequential,8,true,true,1,7,0.19822213
sequential,8,true,true,1,8,0.16715932
sequential,8,true,true,1,9,0.13062015
sequential,9,false,false,1,1,20.244675
sequential,9,false,false,1,2,19.936348
sequential,9,false,false,1,3,4.331159
sequential,9,false,false,1,4,2.6237087
sequential,9,false,false,1,5,2.947931
sequential,9,false,false,1,6,2.5727167
sequential,9,false,false,1,7,0.975859
sequential,9,false,false,1,8,0.6109201
sequential,9,false,false,1,9,0.43094334
sequential,9,false,false,1,10,0.28581116
sequential,9,true,false,1,1,2.715548
sequential,9,true,false,1,2,3.1452122
sequential,9,true,false,1,3,1.7285695
sequential,9,true,false,1,4,1.3266639
sequential,9,true,false,1,5,1.2273713
sequential,9,true,false,1,6,0.5630771
sequential,9,true,false,1,7,0.8596852
sequential,9,true,false,1,8,0.6529886
sequential,9,true,false,1,9,0.3535974
sequential,9,true,false,1,10,0.32051277
sequential,9,false,true,1,1,211.29817
sequential,9,false,true,1,2,52.001896
sequential,9,false,true,1,3,30.831888
sequential,9,false,true,1,4,121.96063
sequential,9,false,true,1,5,8.799332
sequential,9,false,true,1,6,4.6558332
sequential,9,false,true,1,7,2.727198
sequential,9,false,true,1,8,1.7208998
sequential,9,false,true,1,9,0.95290357
sequential,9,false,true,1,10,0.5538502
sequential,9,true,true,1,1,4.9808187
sequential,9,true,true,1,2,2.745423
sequential,9,true,true,1,3,1.7441955
sequential,9,true,true,1,4,1.2372832
sequential,9,true,true,1,5,0.6951542
sequential,9,true,true,1,6,0.7000534
sequential,9,true,true,1,7,0.25249493
sequential,9,true,true,1,8,0.21304123
sequential,9,true,true,1,9,0.1457865
sequential,9,true,true,1,10,0.10800008
sequential,10,false,false,1,1,50.890316
sequential,10,false,false,1,2,12.481115
sequential,10,false,false,1,3,7.327585
sequential,10,false,false,1,4,4.2935944
sequential,10,false,false,1,5,3.3409834
sequential,10,false,false,1,6,14.06301
sequential,10,false,false,1,7,2.2671714
sequential,10,false,false,1,8,0.88792586
sequential,10,false,false,1,9,0.5648701
sequential,10,false,false,1,10,0.3759391
sequential,10,false,false,1,11,0.27078268
sequential,10,true,false,1,1,5.268505
sequential,10,true,false,1,2,4.481794
sequential,10,true,false,1,3,3.5725005
sequential,10,true,false,1,4,3.1381104
sequential,10,true,false,1,5,1.7611861
sequential,10,true,false,1,6,1.2052479
sequential,10,true,false,1,7,1.0472046
sequential,10,true,false,1,8,1.6528947
sequential,10,true,false,1,9,0.56437004
sequential,10,true,false,1,10,0.37740323
sequential,10,true,false,1,11,0.2750595
sequential,10,false,true,1,1,401.33875
sequential,10,false,true,1,2,151.56729
sequential,10,false,true,1,3,58.9883
sequential,10,false,true,1,4,339.8849
sequential,10,false,true,1,5,16.353573
sequential,10,false,true,1,6,7.856088
sequential,10,false,true,1,7,4.0803804
sequential,10,false,true,1,8,2.4176474
sequential,10,false,true,1,9,1.180265
sequential,10,false,true,1,10,0.6052012
sequential,10,false,true,1,11,0.1888784
sequential,10,true,true,1,1,9.392865
sequential,10,true,true,1,2,7.7370024
sequential,10,true,true,1,3,3.8182507
sequential,10,true,true,1,4,1.2775967
sequential,10,true,true,1,5,0.91831076
sequential,10,true,true,1,6,0.5550693
sequential,10,true,true,1,7,0.34721863
sequential,10,true,true,1,8,0.28018585
sequential,10,true,true,1,9,0.1933143
sequential,10,true,true,1,10,0.15328534
sequential,10,true,true,1,11,0.122651175
sequential,15,false,false,1,1,1746.7228
sequential,15,false,false,1,2,879.51733
sequential,15,false,false,1,3,508.41306
sequential,15,false,false,1,4,352.23938
sequential,15,false,false,1,5,121.65078
sequential,15,false,false,1,6,132.69644
sequential,15,false,false,1,7,178.1419
sequential,15,false,false,1,8,48.940586
sequential,15,false,false,1,9,17.573729
sequential,15,false,false,1,10,11.164943
sequential,15,false,false,1,11,2.9297636
sequential,15,false,false,1,12,2.1234767
sequential,15,false,false,1,13,1.4279732
sequential,15,false,false,1,14,1.0631893
sequential,15,false,false,1,15,0.60430825
sequential,15,false,false,1,16,0.32416838
sequential,15,true,false,1,1,8.269075
sequential,15,true,false,1,2,12.0656395
sequential,15,true,false,1,3,5.861994
sequential,15,true,false,1,4,5.9902453
sequential,15,true,false,1,5,3.967518
sequential,15,true,false,1,6,2.2736952
sequential,15,true,false,1,7,1.3955532
sequential,15,true,false,1,8,15.206416
sequential,15,true,false,1,9,3.4141726
sequential,15,true,false,1,10,1.6265807
sequential,15,true,false,1,11,0.7815828
sequential,15,true,false,1,12,0.4137072
sequential,15,true,false,1,13,0.34538952
sequential,15,true,false,1,14,0.31860074
sequential,15,true,false,1,15,0.27105567
sequential,15,true,false,1,16,0.2686949
sequential,15,false,true,1,1,147520.55
sequential,15,false,true,1,2,141709.0
sequential,15,false,true,1,3,12368.431
sequential,15,false,true,1,4,28247.184
sequential,15,false,true,1,5,3031.2627
sequential,15,false,true,1,6,1426.3243
sequential,15,false,true,1,7,751.1149
sequential,15,false,true,1,8,434.45856
sequential,15,false,true,1,9,250.63966
sequential,15,false,true,1,10,140.8938
sequential,15,false,true,1,11,54.986492
sequential,15,false,true,1,12,16.34879
sequential,15,false,true,1,13,4.270698
sequential,15,false,true,1,14,1.8753589
sequential,15,false,true,1,15,0.86023676
sequential,15,false,true,1,16,0.35327747
sequential,15,true,true,1,1,12.315919
sequential,15,true,true,1,2,9.820459
sequential,15,true,true,1,3,7.099865
sequential,15,true,true,1,4,5.6807218
sequential,15,true,true,1,5,3.782751
sequential,15,true,true,1,6,20.420952
sequential,15,true,true,1,7,1.737389
sequential,15,true,true,1,8,1.668897
sequential,15,true,true,1,9,0.612199
sequential,15,true,true,1,10,0.42703068
sequential,15,true,true,1,11,0.35217556
sequential,15,true,true,1,12,0.29230762
sequential,15,true,true,1,13,0.278257
sequential,15,true,true,1,14,0.12714173
sequential,15,true,true,1,15,0.09628363
sequential,15,true,true,1,16,0.07731135
sequential,20,false,false,1,1,4297.978
sequential,20,false,false,1,2,16763.508
sequential,20,false,false,1,3,12597.771
sequential,20,false,false,1,4,17268.92
sequential,20,false,false,1,5,3229.5632
sequential,20,false,false,1,6,1594.9747
sequential,20,false,false,1,7,8338.473
sequential,20,false,false,1,8,2069.2952
sequential,20,false,false,1,9,522.54895
sequential,20,false,false,1,10,389.22052
sequential,20,false,false,1,11,99.70375
sequential,20,false,false,1,12,66.77394
sequential,20,false,false,1,13,32.02744
sequential,20,false,false,1,14,5.5034437
sequential,20,false,false,1,15,3.7519867
sequential,20,false,false,1,16,2.4415865
sequential,20,false,false,1,17,1.3706214
sequential,20,false,false,1,18,1.0206269
sequential,20,false,false,1,19,0.6232679
sequential,20,false,false,1,20,0.51285213
sequential,20,false,false,1,21,0.41972342
sequential,20,true,false,1,1,168.42392
sequential,20,true,false,1,2,124.32919
sequential,20,true,false,1,3,140.56099
sequential,20,true,false,1,4,174.07709
sequential,20,true,false,1,5,114.96641
sequential,20,true,false,1,6,71.57397
sequential,20,true,false,1,7,12.354579
sequential,20,true,false,1,8,11.833879
sequential,20,true,false,1,9,9.9760065
sequential,20,true,false,1,10,7.1579742
sequential,20,true,false,1,11,4.4978027
sequential,20,true,false,1,12,4.138958
sequential,20,true,false,1,13,2.2520032
sequential,20,true,false,1,14,1.5176561
sequential,20,true,false,1,15,1.1203892
sequential,20,true,false,1,16,1.1188228
sequential,20,true,false,1,17,0.72976357
sequential,20,true,false,1,18,0.48596126
sequential,20,true,false,1,19,0.6364535
sequential,20,true,false,1,20,0.55165917
sequential,20,true,false,1,21,0.36917394
sequential,20,false,true,1,1,1.7333258e7
sequential,20,false,true,1,2,5.504664e6
sequential,20,false,true,1,3,2.8229302e6
sequential,20,false,true,1,4,2.7044364e7
sequential,20,false,true,1,5,390331.03
sequential,20,false,true,1,6,173475.1
sequential,20,false,true,1,7,66217.586
sequential,20,false,true,1,8,22016.52
sequential,20,false,true,1,9,14822.863
sequential,20,false,true,1,10,5260.285
sequential,20,false,true,1,11,1868.6533
sequential,20,false,true,1,12,1057.1244
sequential,20,false,true,1,13,203.85127
sequential,20,false,true,1,14,99.109985
sequential,20,false,true,1,15,40.007343
sequential,20,false,true,1,16,16.562603
sequential,20,false,true,1,17,7.5154657
sequential,20,false,true,1,18,2.8290126
sequential,20,false,true,1,19,1.1164123
sequential,20,false,true,1,20,0.53227884
sequential,20,false,true,1,21,0.23541987
sequential,20,true,true,1,1,44.747684
sequential,20,true,true,1,2,33.74249
sequential,20,true,true,1,3,19.496145
sequential,20,true,true,1,4,11.6998
sequential,20,true,true,1,5,10.078726
sequential,20,true,true,1,6,31.038027
sequential,20,true,true,1,7,13.290732
sequential,20,true,true,1,8,3.5357616
sequential,20,true,true,1,9,2.1823623
sequential,20,true,true,1,10,1.1740881
sequential,20,true,true,1,11,0.9502645
sequential,20,true,true,1,12,0.76097715
sequential,20,true,true,1,13,0.65649813
sequential,20,true,true,1,14,0.36719045
sequential,20,true,true,1,15,0.3443043
sequential,20,true,true,1,16,0.23178607
sequential,20,true,true,1,17,0.21311821
sequential,20,true,true,1,18,0.17522638
sequential,20,true,true,1,19,0.12063082
sequential,20,true,true,1,20,0.08366385
sequential,20,true,true,1,21,0.07403662
sequential,25,false,false,1,1,3.550064e6
sequential,25,false,false,1,2,1.0496904e6
sequential,25,false,false,1,3,273279.44
sequential,25,false,false,1,4,208925.97
sequential,25,false,false,1,5,49474.234
sequential,25,false,false,1,6,24829.775
sequential,25,false,false,1,7,95894.6
sequential,25,false,false,1,8,24138.68
sequential,25,false,false,1,9,5661.4043
sequential,25,false,false,1,10,4208.3535
sequential,25,false,false,1,11,746.35645
sequential,25,false,false,1,12,500.9423
sequential,25,false,false,1,13,352.372
sequential,25,false,false,1,14,129.79733
sequential,25,false,false,1,15,68.14537
sequential,25,false,false,1,16,30.852993
sequential,25,false,false,1,17,17.250517
sequential,25,false,false,1,18,11.410711
sequential,25,false,false,1,19,6.4455566
sequential,25,false,false,1,20,4.5889792
sequential,25,false,false,1,21,3.3505714
sequential,25,false,false,1,22,1.9265597
sequential,25,false,false,1,23,1.1711093
sequential,25,false,false,1,24,0.8886966
sequential,25,false,false,1,25,0.5594237
sequential,25,false,false,1,26,0.38743493
sequential,25,true,false,1,1,474.4441
sequential,25,true,false,1,2,654.8994
sequential,25,true,false,1,3,510.16354
sequential,25,true,false,1,4,454.77002
sequential,25,true,false,1,5,200.35979
sequential,25,true,false,1,6,166.60176
sequential,25,true,false,1,7,79.38906
sequential,25,true,false,1,8,86.764656
sequential,25,true,false,1,9,63.529453
sequential,25,true,false,1,10,59.99574
sequential,25,true,false,1,11,46.2638
sequential,25,true,false,1,12,35.60372
sequential,25,true,false,1,13,38.099274
sequential,25,true,false,1,14,14.66573
sequential,25,true,false,1,15,9.290749
sequential,25,true,false,1,16,4.358522
sequential,25,true,false,1,17,4.79702
sequential,25,true,false,1,18,2.6393058
sequential,25,true,false,1,19,1.6690608
sequential,25,true,false,1,20,1.3785596
sequential,25,true,false,1,21,0.80739576
sequential,25,true,false,1,22,0.68326354
sequential,25,true,false,1,23,0.40858075
sequential,25,true,false,1,24,0.31675884
sequential,25,true,false,1,25,0.30192602
sequential,25,true,false,1,26,0.34556228
sequential,25,false,true,1,1,1.0060068e9
sequential,25,false,true,1,2,3.9585635e8
sequential,25,false,true,1,3,1.3354583e8
sequential,25,false,true,1,4,5.2529347e8
sequential,25,false,true,1,5,3.1042404e7
sequential,25,false,true,1,6,1.6420092e7
sequential,25,false,true,1,7,1.1343111e7
sequential,25,false,true,1,8,2.3067068e6
sequential,25,false,true,1,9,1.2385032e6
sequential,25,false,true,1,10,889370.9
sequential,25,false,true,1,11,496935.25
sequential,25,false,true,1,12,281167.38
sequential,25,false,true,1,13,51192.945
sequential,25,false,true,1,14,27458.822
sequential,25,false,true,1,15,7244.704
sequential,25,false,true,1,16,3185.093
sequential,25,false,true,1,17,1419.3108
sequential,25,false,true,1,18,739.73804
sequential,25,false,true,1,19,313.57263
sequential,25,false,true,1,20,139.87155
sequential,25,false,true,1,21,56.350033
sequential,25,false,true,1,22,29.544727
sequential,25,false,true,1,23,11.214672
sequential,25,false,true,1,24,6.3071184
sequential,25,false,true,1,25,3.3114753
sequential,25,false,true,1,26,0.25345075
sequential,25,true,true,1,1,205.89763
sequential,25,true,true,1,2,178.22116
sequential,25,true,true,1,3,97.648865
sequential,25,true,true,1,4,45.573986
sequential,25,true,true,1,5,39.159492
sequential,25,true,true,1,6,112.29566
sequential,25,true,true,1,7,12.729946
sequential,25,true,true,1,8,16.50065
sequential,25,true,true,1,9,4.632702
sequential,25,true,true,1,10,3.2797265
sequential,25,true,true,1,11,2.164701
sequential,25,true,true,1,12,1.7958008
sequential,25,true,true,1,13,1.0376388
sequential,25,true,true,1,14,0.73458
sequential,25,true,true,1,15,0.5178626
sequential,25,true,true,1,16,0.42432198
sequential,25,true,true,1,17,0.32247147
sequential,25,true,true,1,18,0.27820447
sequential,25,true,true,1,19,0.24937642
sequential,25,true,true,1,20,0.19378032
sequential,25,true,true,1,21,0.17088051
sequential,25,true,true,1,22,0.13454957
sequential,25,true,true,1,23,0.11609215
sequential,25,true,true,1,24,0.080395706
sequential,25,true,true,1,25,0.06510209
sequential,25,true,true,1,26,0.063092574
sequential,30,false,false,1,1,2.0879942e7
sequential,30,false,false,1,2,6.8414415e6
sequential,30,false,false,1,3,2.5489502e6
sequential,30,false,false,1,4,1.6040635e6
sequential,30,false,false,1,5,557664.94
sequential,30,false,false,1,6,245526.17
sequential,30,false,false,1,7,634949.1
sequential,30,false,false,1,8,164479.72
sequential,30,false,false,1,9,54110.32
sequential,30,false,false,1,10,35853.09
sequential,30,false,false,1,11,8368.873
sequential,30,false,false,1,12,6128.3696
sequential,30,false,false,1,13,3924.8018
sequential,30,false,false,1,14,2493.0337
sequential,30,false,false,1,15,1714.9012
sequential,30,false,false,1,16,967.3341
sequential,30,false,false,1,17,557.48956
sequential,30,false,false,1,18,256.31097
sequential,30,false,false,1,19,119.07295
sequential,30,false,false,1,20,85.01317
sequential,30,false,false,1,21,38.36695
sequential,30,false,false,1,22,23.385849
sequential,30,false,false,1,23,10.927065
sequential,30,false,false,1,24,6.73033
sequential,30,false,false,1,25,4.834503
sequential,30,false,false,1,26,2.6260023
sequential,30,false,false,1,27,1.7939692
sequential,30,false,false,1,28,1.2923464
sequential,30,false,false,1,29,0.547509
sequential,30,false,false,1,30,0.39834037
sequential,30,false,false,1,31,0.2839152
sequential,30,true,false,1,1,6651.5215
sequential,30,true,false,1,2,10660.049
sequential,30,true,false,1,3,6628.217
sequential,30,true,false,1,4,6222.6147
sequential,30,true,false,1,5,2107.9246
sequential,30,true,false,1,6,1962.1725
sequential,30,true,false,1,7,835.0839
sequential,30,true,false,1,8,1173.4008
sequential,30,true,false,1,9,1083.3344
sequential,30,true,false,1,10,1173.5945
sequential,30,true,false,1,11,723.21106
sequential,30,true,false,1,12,296.0547
sequential,30,true,false,1,13,329.09177
sequential,30,true,false,1,14,182.86398
sequential,30,true,false,1,15,132.47974
sequential,30,true,false,1,16,109.891556
sequential,30,true,false,1,17,115.75637
sequential,30,true,false,1,18,124.318344
sequential,30,true,false,1,19,110.402885
sequential,30,true,false,1,20,62.555542
sequential,30,true,false,1,21,15.369936
sequential,30,true,false,1,22,17.311026
sequential,30,true,false,1,23,6.4351106
sequential,30,true,false,1,24,4.411299
sequential,30,true,false,1,25,3.254988
sequential,30,true,false,1,26,2.924729
sequential,30,true,false,1,27,2.8965192
sequential,30,true,false,1,28,2.2297158
sequential,30,true,false,1,29,3.0315475
sequential,30,true,false,1,30,2.186048
sequential,30,true,false,1,31,0.5119632
sequential,30,false,true,1,1,1.9259128e10
sequential,30,false,true,1,2,9.258729e9
sequential,30,false,true,1,3,3.9051384e9
sequential,30,false,true,1,4,3.4902802e10
sequential,30,false,true,1,5,1.2075062e9
sequential,30,false,true,1,6,5.716013e8
sequential,30,false,true,1,7,4.489061e8
sequential,30,false,true,1,8,1.1829505e8
sequential,30,false,true,1,9,4.489154e7
sequential,30,false,true,1,10,1.5924597e7
sequential,30,false,true,1,11,8.574747e6
sequential,30,false,true,1,12,3.800188e6
sequential,30,false,true,1,13,1.7546574e6
sequential,30,false,true,1,14,545979.7
sequential,30,false,true,1,15,254146.2
sequential,30,false,true,1,16,97516.86
sequential,30,false,true,1,17,39594.773
sequential,30,false,true,1,18,18682.447
sequential,30,false,true,1,19,8963.598
sequential,30,false,true,1,20,3553.2407
sequential,30,false,true,1,21,1694.661
sequential,30,false,true,1,22,500.96146
sequential,30,false,true,1,23,233.74916
sequential,30,false,true,1,24,100.3637
sequential,30,false,true,1,25,45.402363
sequential,30,false,true,1,26,19.006968
sequential,30,false,true,1,27,8.464223
sequential,30,false,true,1,28,3.550405
sequential,30,false,true,1,29,1.9730834
sequential,30,false,true,1,30,0.60397094
sequential,30,false,true,1,31,0.18054938
sequential,30,true,true,1,1,993.3459
sequential,30,true,true,1,2,1390.5625
sequential,30,true,true,1,3,916.63367
sequential,30,true,true,1,4,237.035
sequential,30,true,true,1,5,148.24619
sequential,30,true,true,1,6,1023.4002
sequential,30,true,true,1,7,72.56079
sequential,30,true,true,1,8,71.86122
sequential,30,true,true,1,9,35.942005
sequential,30,true,true,1,10,24.600142
sequential,30,true,true,1,11,15.603683
sequential,30,true,true,1,12,7.3559194
sequential,30,true,true,1,13,5.088937
sequential,30,true,true,1,14,3.2241678
sequential,30,true,true,1,15,1.6893255
sequential,30,true,true,1,16,1.2795155
sequential,30,true,true,1,17,0.90515065
sequential,30,true,true,1,18,0.70407754
sequential,30,true,true,1,19,0.4811781
sequential,30,true,true,1,20,0.39450416
sequential,30,true,true,1,21,0.3008284
sequential,30,true,true,1,22,0.24867274
sequential,30,true,true,1,23,0.19836396
sequential,30,true,true,1,24,0.15856941
sequential,30,true,true,1,25,0.13336636
sequential,30,true,true,1,26,0.13104306
sequential,30,true,true,1,27,0.110705644
sequential,30,true,true,1,28,0.093005925
sequential,30,true,true,1,29,0.077089176
sequential,30,true,true,1,30,0.075616166
sequential,30,true,true,1,31,0.051804185
sequential,35,false,false,1,1,1.488241e8
sequential,35,false,false,1,2,9.546582e7
sequential,35,false,false,1,3,6.8961416e7
sequential,35,false,false,1,4,4.5144836e7
sequential,35,false,false,1,5,1.7870392e7
sequential,35,false,false,1,6,8.618569e6
sequential,35,false,false,1,7,2.1702556e7
sequential,35,false,false,1,8,6.3566015e6
sequential,35,false,false,1,9,1.9437486e6
sequential,35,false,false,1,10,1.261582e6
sequential,35,false,false,1,11,296503.5
sequential,35,false,false,1,12,202701.14
sequential,35,false,false,1,13,127614.02
sequential,35,false,false,1,14,77361.375
sequential,35,false,false,1,15,58589.69
sequential,35,false,false,1,16,37042.98
sequential,35,false,false,1,17,26798.848
sequential,35,false,false,1,18,11586.915
sequential,35,false,false,1,19,6291.5474
sequential,35,false,false,1,20,2973.7278
sequential,35,false,false,1,21,1628.0803
sequential,35,false,false,1,22,1122.846
sequential,35,false,false,1,23,494.05447
sequential,35,false,false,1,24,301.70822
sequential,35,false,false,1,25,217.49515
sequential,35,false,false,1,26,103.630714
sequential,35,false,false,1,27,51.131664
sequential,35,false,false,1,28,26.196255
sequential,35,false,false,1,29,8.191852
sequential,35,false,false,1,30,4.450175
sequential,35,false,false,1,31,2.1532633
sequential,35,false,false,1,32,1.4945685
sequential,35,false,false,1,33,1.0553811
sequential,35,false,false,1,34,0.5488361
sequential,35,false,false,1,35,0.35694578
sequential,35,false,false,1,36,0.2834551
sequential,35,true,false,1,1,26646.484
sequential,35,true,false,1,2,12295.917
sequential,35,true,false,1,3,15511.738
sequential,35,true,false,1,4,11085.682
sequential,35,true,false,1,5,6654.7954
sequential,35,true,false,1,6,2479.1824
sequential,35,true,false,1,7,1547.7656
sequential,35,true,false,1,8,1585.3187
sequential,35,true,false,1,9,1509.367
sequential,35,true,false,1,10,1237.4021
sequential,35,true,false,1,11,1023.43933
sequential,35,true,false,1,12,720.26306
sequential,35,true,false,1,13,676.5452
sequential,35,true,false,1,14,243.2582
sequential,35,true,false,1,15,181.71461
sequential,35,true,false,1,16,136.9962
sequential,35,true,false,1,17,117.4419
sequential,35,true,false,1,18,91.20169
sequential,35,true,false,1,19,70.25473
sequential,35,true,false,1,20,64.75083
sequential,35,true,false,1,21,81.57234
sequential,35,true,false,1,22,77.99697
sequential,35,true,false,1,23,81.50045
sequential,35,true,false,1,24,74.226974
sequential,35,true,false,1,25,41.587914
sequential,35,true,false,1,26,44.47622
sequential,35,true,false,1,27,48.62293
sequential,35,true,false,1,28,35.741665
sequential,35,true,false,1,29,26.236961
sequential,35,true,false,1,30,22.167381
sequential,35,true,false,1,31,4.9208217
sequential,35,true,false,1,32,1.5821229
sequential,35,true,false,1,33,1.305895
sequential,35,true,false,1,34,1.937635
sequential,35,true,false,1,35,1.0321072
sequential,35,true,false,1,36,0.49049178
sequential,35,false,true,1,1,2.771606e12
sequential,35,false,true,1,2,1.6384111e12
sequential,35,false,true,1,3,5.3335713e11
sequential,35,false,true,1,4,2.497699e12
sequential,35,false,true,1,5,1.0483255e11
sequential,35,false,true,1,6,5.3725598e10
sequential,35,false,true,1,7,1.8592709e10
sequential,35,false,true,1,8,6.8564326e9
sequential,35,false,true,1,9,3.1029391e9
sequential,35,false,true,1,10,1.5344877e9
sequential,35,false,true,1,11,8.1398406e8
sequential,35,false,true,1,12,3.90006e8
sequential,35,false,true,1,13,1.8689259e8
sequential,35,false,true,1,14,7.1756104e7
sequential,35,false,true,1,15,3.45151e7
sequential,35,false,true,1,16,1.8341334e7
sequential,35,false,true,1,17,5.9431075e6
sequential,35,false,true,1,18,3.2424285e6
sequential,35,false,true,1,19,1.7010038e6
sequential,35,false,true,1,20,696966.75
sequential,35,false,true,1,21,324606.06
sequential,35,false,true,1,22,97258.37
sequential,35,false,true,1,23,35582.598
sequential,35,false,true,1,24,17900.098
sequential,35,false,true,1,25,6769.569
sequential,35,false,true,1,26,2798.8318
sequential,35,false,true,1,27,1109.3474
sequential,35,false,true,1,28,367.7324
sequential,35,false,true,1,29,119.78319
sequential,35,false,true,1,30,52.155575
sequential,35,false,true,1,31,23.091612
sequential,35,false,true,1,32,10.599143
sequential,35,false,true,1,33,5.0636964
sequential,35,false,true,1,34,1.4939169
sequential,35,false,true,1,35,0.66639614
sequential,35,false,true,1,36,0.26276112
sequential,35,true,true,1,1,7473.9976
sequential,35,true,true,1,2,11763.493
sequential,35,true,true,1,3,10866.823
sequential,35,true,true,1,4,2037.8594
sequential,35,true,true,1,5,1671.1825
sequential,35,true,true,1,6,1536.4813
sequential,35,true,true,1,7,562.7203
sequential,35,true,true,1,8,577.84644
sequential,35,true,true,1,9,239.29822
sequential,35,true,true,1,10,197.6857
sequential,35,true,true,1,11,69.38444
sequential,35,true,true,1,12,46.220203
sequential,35,true,true,1,13,27.756193
sequential,35,true,true,1,14,23.640478
sequential,35,true,true,1,15,13.780146
sequential,35,true,true,1,16,13.820723
sequential,35,true,true,1,17,6.9289336
sequential,35,true,true,1,18,4.1208544
sequential,35,true,true,1,19,1.836301
sequential,35,true,true,1,20,1.6675668
sequential,35,true,true,1,21,0.9549341
sequential,35,true,true,1,22,0.5641086
sequential,35,true,true,1,23,0.45036253
sequential,35,true,true,1,24,0.3305501
sequential,35,true,true,1,25,0.25840425
sequential,35,true,true,1,26,0.23931435
sequential,35,true,true,1,27,0.1940344
sequential,35,true,true,1,28,0.15574884
sequential,35,true,true,1,29,0.13985933
sequential,35,true,true,1,30,0.1269193
sequential,35,true,true,1,31,0.10659359
sequential,35,true,true,1,32,0.103327475
sequential,35,true,true,1,33,0.079877056
sequential,35,true,true,1,34,0.06724758
sequential,35,true,true,1,35,0.0682112
sequential,35,true,true,1,36,0.050005525
sequential,40,false,false,1,1,6.4518733e9
sequential,40,false,false,1,2,1.7582061e9
sequential,40,false,false,1,3,4.105994e8
sequential,40,false,false,1,4,2.102005e8
sequential,40,false,false,1,5,9.300388e7
sequential,40,false,false,1,6,4.5446732e7
sequential,40,false,false,1,7,4.1332904e7
sequential,40,false,false,1,8,1.6980308e7
sequential,40,false,false,1,9,8.3182685e6
sequential,40,false,false,1,10,4.666489e6
sequential,40,false,false,1,11,1.9148911e6
sequential,40,false,false,1,12,1.1765181e6
sequential,40,false,false,1,13,764903.56
sequential,40,false,false,1,14,406115.06
sequential,40,false,false,1,15,277246.84
sequential,40,false,false,1,16,167836.3
sequential,40,false,false,1,17,144085.2
sequential,40,false,false,1,18,48916.62
sequential,40,false,false,1,19,28474.377
sequential,40,false,false,1,20,18226.893
sequential,40,false,false,1,21,9301.802
sequential,40,false,false,1,22,5352.578
sequential,40,false,false,1,23,3607.1501
sequential,40,false,false,1,24,1450.9922
sequential,40,false,false,1,25,920.58575
sequential,40,false,false,1,26,552.03973
sequential,40,false,false,1,27,307.32315
sequential,40,false,false,1,28,148.45595
sequential,40,false,false,1,29,76.8109
sequential,40,false,false,1,30,49.574398
sequential,40,false,false,1,31,31.2839
sequential,40,false,false,1,32,21.951746
sequential,40,false,false,1,33,11.043237
sequential,40,false,false,1,34,5.5457234
sequential,40,false,false,1,35,3.14048
sequential,40,false,false,1,36,2.0351105
sequential,40,false,false,1,37,1.4800192
sequential,40,false,false,1,38,1.1700487
sequential,40,false,false,1,39,0.72447234
sequential,40,false,false,1,40,0.52266604
sequential,40,false,false,1,41,0.4501036
sequential,40,true,false,1,1,227470.66
sequential,40,true,false,1,2,57778.273
sequential,40,true,false,1,3,83581.46
sequential,40,true,false,1,4,65902.65
sequential,40,true,false,1,5,42216.805
sequential,40,true,false,1,6,16790.389
sequential,40,true,false,1,7,9063.7
sequential,40,true,false,1,8,10420.811
sequential,40,true,false,1,9,10555.958
sequential,40,true,false,1,10,9814.512
sequential,40,true,false,1,11,7197.4067
sequential,40,true,false,1,12,2551.1594
sequential,40,true,false,1,13,1898.6671
sequential,40,true,false,1,14,1176.3953
sequential,40,true,false,1,15,884.6414
sequential,40,true,false,1,16,797.48065
sequential,40,true,false,1,17,623.6416
sequential,40,true,false,1,18,485.50217
sequential,40,true,false,1,19,389.58975
sequential,40,true,false,1,20,392.07614
sequential,40,true,false,1,21,415.1901
sequential,40,true,false,1,22,443.71036
sequential,40,true,false,1,23,468.23044
sequential,40,true,false,1,24,408.1359
sequential,40,true,false,1,25,224.23521
sequential,40,true,false,1,26,235.11922
sequential,40,true,false,1,27,249.49522
sequential,40,true,false,1,28,181.92879
sequential,40,true,false,1,29,151.86763
sequential,40,true,false,1,30,117.39561
sequential,40,true,false,1,31,36.10675
sequential,40,true,false,1,32,12.522315
sequential,40,true,false,1,33,10.129955
sequential,40,true,false,1,34,15.815627
sequential,40,true,false,1,35,8.325764
sequential,40,true,false,1,36,1.8033767
sequential,40,true,false,1,37,1.329037
sequential,40,true,false,1,38,0.7072834
sequential,40,true,false,1,39,0.6349575
sequential,40,true,false,1,40,0.3725419
sequential,40,true,false,1,41,0.20446908
sequential,40,false,true,1,1,1.0044364e14
sequential,40,false,true,1,2,4.7635096e13
sequential,40,false,true,1,3,1.9886068e13
sequential,40,false,true,1,4,6.0087754e13
sequential,40,false,true,1,5,3.691478e12
sequential,40,false,true,1,6,1.4087034e12
sequential,40,false,true,1,7,7.2758015e11
sequential,40,false,true,1,8,2.610832e11
sequential,40,false,true,1,9,1.4738566e11
sequential,40,false,true,1,10,1.0015683e11
sequential,40,false,true,1,11,5.508969e10
sequential,40,false,true,1,12,2.268932e10
sequential,40,false,true,1,13,6.4044964e9
sequential,40,false,true,1,14,3.7898015e9
sequential,40,false,true,1,15,2.2298724e9
sequential,40,false,true,1,16,1.312563e9
sequential,40,false,true,1,17,3.7073792e8
sequential,40,false,true,1,18,1.9962586e8
sequential,40,false,true,1,19,1.1357468e8
sequential,40,false,true,1,20,3.754488e7
sequential,40,false,true,1,21,1.7173604e7
sequential,40,false,true,1,22,5.4429915e6
sequential,40,false,true,1,23,1.8175622e6
sequential,40,false,true,1,24,1.0687348e6
sequential,40,false,true,1,25,403891.9
sequential,40,false,true,1,26,154592.14
sequential,40,false,true,1,27,77495.84
sequential,40,false,true,1,28,27509.53
sequential,40,false,true,1,29,11471.278
sequential,40,false,true,1,30,5045.2554
sequential,40,false,true,1,31,2478.7402
sequential,40,false,true,1,32,1089.3496
sequential,40,false,true,1,33,485.8305
sequential,40,false,true,1,34,214.97899
sequential,40,false,true,1,35,95.56433
sequential,40,false,true,1,36,44.332657
sequential,40,false,true,1,37,14.907359
sequential,40,false,true,1,38,6.2344847
sequential,40,false,true,1,39,2.3900054
sequential,40,false,true,1,40,1.2290484
sequential,40,false,true,1,41,0.28089738
sequential,40,true,true,1,1,55790.836
sequential,40,true,true,1,2,45563.086
sequential,40,true,true,1,3,24635.793
sequential,40,true,true,1,4,16842.164
sequential,40,true,true,1,5,10737.855
sequential,40,true,true,1,6,4929.6895
sequential,40,true,true,1,7,2699.897
sequential,40,true,true,1,8,2208.7085
sequential,40,true,true,1,9,1138.2003
sequential,40,true,true,1,10,815.08264
sequential,40,true,true,1,11,521.87006
sequential,40,true,true,1,12,336.85248
sequential,40,true,true,1,13,178.50621
sequential,40,true,true,1,14,147.5852
sequential,40,true,true,1,15,82.292694
sequential,40,true,true,1,16,51.42907
sequential,40,true,true,1,17,32.611298
sequential,40,true,true,1,18,23.49719
sequential,40,true,true,1,19,12.63266
sequential,40,true,true,1,20,9.134703
sequential,40,true,true,1,21,5.921111
sequential,40,true,true,1,22,3.833372
sequential,40,true,true,1,23,2.963469
sequential,40,true,true,1,24,1.4727633
sequential,40,true,true,1,25,1.1277008
sequential,40,true,true,1,26,0.7696847
sequential,40,true,true,1,27,0.4169177
sequential,40,true,true,1,28,0.3150746
sequential,40,true,true,1,29,0.2650711
sequential,40,true,true,1,30,0.20979112
sequential,40,true,true,1,31,0.16997273
sequential,40,true,true,1,32,0.14431855
sequential,40,true,true,1,33,0.12705542
sequential,40,true,true,1,34,0.11489282
sequential,40,true,true,1,35,0.09837883
sequential,40,true,true,1,36,0.09166889
sequential,40,true,true,1,37,0.075017214
sequential,40,true,true,1,38,0.06766402
sequential,40,true,true,1,39,0.058646914
sequential,40,true,true,1,40,0.06869132
sequential,40,true,true,1,41,0.047218427
sequential,45,false,false,1,1,1.8984337e10
sequential,45,false,false,1,2,8.617036e9
sequential,45,false,false,1,3,3.5628237e9
sequential,45,false,false,1,4,4.143936e9
sequential,45,false,false,1,5,1.030105e9
sequential,45,false,false,1,6,5.0888586e8
sequential,45,false,false,1,7,2.0987862e9
sequential,45,false,false,1,8,5.5496096e8
sequential,45,false,false,1,9,1.4724069e8
sequential,45,false,false,1,10,1.0187144e8
sequential,45,false,false,1,11,3.4478564e7
sequential,45,false,false,1,12,1.7668858e7
sequential,45,false,false,1,13,9.699159e6
sequential,45,false,false,1,14,7.6403735e6
sequential,45,false,false,1,15,5.6138465e6
sequential,45,false,false,1,16,3.588548e6
sequential,45,false,false,1,17,3.709192e6
sequential,45,false,false,1,18,1.1562779e6
sequential,45,false,false,1,19,661510.4
sequential,45,false,false,1,20,452134.88
sequential,45,false,false,1,21,252450.55
sequential,45,false,false,1,22,159044.48
sequential,45,false,false,1,23,69725.14
sequential,45,false,false,1,24,37860.164
sequential,45,false,false,1,25,20431.234
sequential,45,false,false,1,26,10248.065
sequential,45,false,false,1,27,6756.259
sequential,45,false,false,1,28,4268.2646
sequential,45,false,false,1,29,2655.5352
sequential,45,false,false,1,30,1574.9894
sequential,45,false,false,1,31,915.6804
sequential,45,false,false,1,32,574.873
sequential,45,false,false,1,33,297.92667
sequential,45,false,false,1,34,188.21568
sequential,45,false,false,1,35,118.40688
sequential,45,false,false,1,36,77.67001
sequential,45,false,false,1,37,44.057636
sequential,45,false,false,1,38,38.41104
sequential,45,false,false,1,39,13.827141
sequential,45,false,false,1,40,6.894162
sequential,45,false,false,1,41,4.4179497
sequential,45,false,false,1,42,3.029025
sequential,45,false,false,1,43,1.7754557
sequential,45,false,false,1,44,0.81589663
sequential,45,false,false,1,45,0.5032784
sequential,45,false,false,1,46,0.30743462
sequential,45,true,false,1,1,263823.8
sequential,45,true,false,1,2,265564.16
sequential,45,true,false,1,3,303737.6
sequential,45,true,false,1,4,265434.22
sequential,45,true,false,1,5,119519.49
sequential,45,true,false,1,6,92350.12
sequential,45,true,false,1,7,33703.176
sequential,45,true,false,1,8,39393.566
sequential,45,true,false,1,9,105304.68
sequential,45,true,false,1,10,93238.77
sequential,45,true,false,1,11,86522.67
sequential,45,true,false,1,12,25654.963
sequential,45,true,false,1,13,17303.795
sequential,45,true,false,1,14,5567.8164
sequential,45,true,false,1,15,4292.0195
sequential,45,true,false,1,16,3751.0234
sequential,45,true,false,1,17,3438.354
sequential,45,true,false,1,18,3100.2546
sequential,45,true,false,1,19,3332.729
sequential,45,true,false,1,20,3525.5535
sequential,45,true,false,1,21,4405.439
sequential,45,true,false,1,22,4754.35
sequential,45,true,false,1,23,5154.616
sequential,45,true,false,1,24,4838.5454
sequential,45,true,false,1,25,2510.4585
sequential,45,true,false,1,26,2616.1145
sequential,45,true,false,1,27,2932.547
sequential,45,true,false,1,28,2196.834
sequential,45,true,false,1,29,1733.6058
sequential,45,true,false,1,30,1405.9376
sequential,45,true,false,1,31,379.86734
sequential,45,true,false,1,32,96.32914
sequential,45,true,false,1,33,82.89887
sequential,45,true,false,1,34,143.16017
sequential,45,true,false,1,35,92.315025
sequential,45,true,false,1,36,17.603148
sequential,45,true,false,1,37,12.505886
sequential,45,true,false,1,38,7.218462
sequential,45,true,false,1,39,2.227657
sequential,45,true,false,1,40,2.0015712
sequential,45,true,false,1,41,1.129196
sequential,45,true,false,1,42,1.5242891
sequential,45,true,false,1,43,0.86590314
sequential,45,true,false,1,44,0.7825134
sequential,45,true,false,1,45,0.4357564
sequential,45,true,false,1,46,0.4196149
sequential,45,false,true,1,1,1.32364355e17
sequential,45,false,true,1,2,1.0178148e17
sequential,45,false,true,1,3,1.6085188e16
sequential,45,false,true,1,4,6.6898416e15
sequential,45,false,true,1,5,3.5207015e15
sequential,45,false,true,1,6,2.0417457e15
sequential,45,false,true,1,7,7.8615e14
sequential,45,false,true,1,8,3.6625156e14
sequential,45,false,true,1,9,1.0701428e14
sequential,45,false,true,1,10,1.9749554e13
sequential,45,false,true,1,11,6.9391766e12
sequential,45,false,true,1,12,3.130146e12
sequential,45,false,true,1,13,3.5644784e12
sequential,45,false,true,1,14,3.5834606e11
sequential,45,false,true,1,15,2.5463708e11
sequential,45,false,true,1,16,1.1583098e11
sequential,45,false,true,1,17,5.460051e10
sequential,45,false,true,1,18,2.2090924e10
sequential,45,false,true,1,19,1.106034e10
sequential,45,false,true,1,20,5.5285356e9
sequential,45,false,true,1,21,2.3321423e9
sequential,45,false,true,1,22,1.1731475e9
sequential,45,false,true,1,23,8.253118e8
sequential,45,false,true,1,24,4.363074e8
sequential,45,false,true,1,25,2.8644954e8
sequential,45,false,true,1,26,1.6619384e8
sequential,45,false,true,1,27,7.122394e7
sequential,45,false,true,1,28,4.940013e7
sequential,45,false,true,1,29,5.2902515e6
sequential,45,false,true,1,30,2.3539285e6
sequential,45,false,true,1,31,1.0699414e6
sequential,45,false,true,1,32,363213.8
sequential,45,false,true,1,33,130157.49
sequential,45,false,true,1,34,47705.613
sequential,45,false,true,1,35,30397.562
sequential,45,false,true,1,36,10115.465
sequential,45,false,true,1,37,4065.4358
sequential,45,false,true,1,38,1307.2585
sequential,45,false,true,1,39,672.902
sequential,45,false,true,1,40,267.02957
sequential,45,false,true,1,41,33.64337
sequential,45,false,true,1,42,12.438982
sequential,45,false,true,1,43,5.188628
sequential,45,false,true,1,44,2.196535
sequential,45,false,true,1,45,0.5360306
sequential,45,false,true,1,46,0.23371913
sequential,45,true,true,1,1,2.121654e6
sequential,45,true,true,1,2,1.00410094e6
sequential,45,true,true,1,3,816778.8
sequential,45,true,true,1,4,178080.11
sequential,45,true,true,1,5,132064.69
sequential,45,true,true,1,6,74986.18
sequential,45,true,true,1,7,33217.14
sequential,45,true,true,1,8,26638.994
sequential,45,true,true,1,9,20330.299
sequential,45,true,true,1,10,16501.33
sequential,45,true,true,1,11,11884.998
sequential,45,true,true,1,12,4134.73
sequential,45,true,true,1,13,2810.5828
sequential,45,true,true,1,14,1884.1058
sequential,45,true,true,1,15,1002.2394
sequential,45,true,true,1,16,543.0011
sequential,45,true,true,1,17,434.9667
sequential,45,true,true,1,18,355.76733
sequential,45,true,true,1,19,184.38853
sequential,45,true,true,1,20,149.6152
sequential,45,true,true,1,21,127.866844
sequential,45,true,true,1,22,51.020992
sequential,45,true,true,1,23,41.66972
sequential,45,true,true,1,24,21.827711
sequential,45,true,true,1,25,13.63051
sequential,45,true,true,1,26,10.929278
sequential,45,true,true,1,27,5.4671526
sequential,45,true,true,1,28,3.787112
sequential,45,true,true,1,29,2.1193428
sequential,45,true,true,1,30,1.3987579
sequential,45,true,true,1,31,0.7770477
sequential,45,true,true,1,32,0.54977304
sequential,45,true,true,1,33,0.3680068
sequential,45,true,true,1,34,0.3120441
sequential,45,true,true,1,35,0.21102072
sequential,45,true,true,1,36,0.18215887
sequential,45,true,true,1,37,0.16036099
sequential,45,true,true,1,38,0.12799752
sequential,45,true,true,1,39,0.11919511
sequential,45,true,true,1,40,0.1271173
sequential,45,true,true,1,41,0.100656256
sequential,45,true,true,1,42,0.086929634
sequential,45,true,true,1,43,0.081170104
sequential,45,true,true,1,44,0.12310193
sequential,45,true,true,1,45,0.048561372
sequential,45,true,true,1,46,0.047078002
sequential,50,false,false,1,1,7.561672e11
sequential,50,false,false,1,2,5.027192e11
sequential,50,false,false,1,3,2.4829279e11
sequential,50,false,false,1,4,1.496463e11
sequential,50,false,false,1,5,4.097842e10
sequential,50,false,false,1,6,2.9666865e10
sequential,50,false,false,1,7,5.1307614e10
sequential,50,false,false,1,8,1.4681304e10
sequential,50,false,false,1,9,3.6609408e9
sequential,50,false,false,1,10,2.6310436e9
sequential,50,false,false,1,11,9.8461344e8
sequential,50,false,false,1,12,5.5484646e8
sequential,50,false,false,1,13,3.2868643e8
sequential,50,false,false,1,14,2.4945398e8
sequential,50,false,false,1,15,1.5334554e8
sequential,50,false,false,1,16,8.772338e7
sequential,50,false,false,1,17,6.443848e7
sequential,50,false,false,1,18,2.5823996e7
sequential,50,false,false,1,19,1.9150378e7
sequential,50,false,false,1,20,1.4257131e7
sequential,50,false,false,1,21,7.114031e6
sequential,50,false,false,1,22,3.248631e6
sequential,50,false,false,1,23,1.581815e6
sequential,50,false,false,1,24,993433.5
sequential,50,false,false,1,25,674153.06
sequential,50,false,false,1,26,309814.7
sequential,50,false,false,1,27,152432.08
sequential,50,false,false,1,28,74270.76
sequential,50,false,false,1,29,40067.8
sequential,50,false,false,1,30,26103.64
sequential,50,false,false,1,31,14073.745
sequential,50,false,false,1,32,9370.312
sequential,50,false,false,1,33,6655.898
sequential,50,false,false,1,34,3904.508
sequential,50,false,false,1,35,2076.684
sequential,50,false,false,1,36,1078.5052
sequential,50,false,false,1,37,689.82153
sequential,50,false,false,1,38,411.3985
sequential,50,false,false,1,39,307.2178
sequential,50,false,false,1,40,197.90651
sequential,50,false,false,1,41,107.69049
sequential,50,false,false,1,42,64.83681
sequential,50,false,false,1,43,28.429699
sequential,50,false,false,1,44,21.894186
sequential,50,false,false,1,45,11.336491
sequential,50,false,false,1,46,5.2895174
sequential,50,false,false,1,47,3.4230196
sequential,50,false,false,1,48,1.8555865
sequential,50,false,false,1,49,1.0066621
sequential,50,false,false,1,50,0.77388036
sequential,50,false,false,1,51,0.5966746
sequential,50,true,false,1,1,1.01006425e6
sequential,50,true,false,1,2,1.4319309e6
sequential,50,true,false,1,3,1.0152093e6
sequential,50,true,false,1,4,934426.3
sequential,50,true,false,1,5,499245.78
sequential,50,true,false,1,6,318608.9
sequential,50,true,false,1,7,167228.56
sequential,50,true,false,1,8,273886.84
sequential,50,true,false,1,9,552744.0
sequential,50,true,false,1,10,508901.1
sequential,50,true,false,1,11,447905.44
sequential,50,true,false,1,12,142410.02
sequential,50,true,false,1,13,113698.01
sequential,50,true,false,1,14,72018.65
sequential,50,true,false,1,15,63222.926
sequential,50,true,false,1,16,30821.414
sequential,50,true,false,1,17,30904.037
sequential,50,true,false,1,18,44447.37
sequential,50,true,false,1,19,35710.473
sequential,50,true,false,1,20,39326.723
sequential,50,true,false,1,21,50064.145
sequential,50,true,false,1,22,35773.02
sequential,50,true,false,1,23,40794.996
sequential,50,true,false,1,24,43074.195
sequential,50,true,false,1,25,28608.57
sequential,50,true,false,1,26,25967.3
sequential,50,true,false,1,27,31861.584
sequential,50,true,false,1,28,20528.219
sequential,50,true,false,1,29,16934.81
sequential,50,true,false,1,30,9132.375
sequential,50,true,false,1,31,5610.118
sequential,50,true,false,1,32,2837.9697
sequential,50,true,false,1,33,2252.6895
sequential,50,true,false,1,34,3269.9714
sequential,50,true,false,1,35,805.46906
sequential,50,true,false,1,36,136.06906
sequential,50,true,false,1,37,92.479126
sequential,50,true,false,1,38,43.66544
sequential,50,true,false,1,39,14.828533
sequential,50,true,false,1,40,20.36436
sequential,50,true,false,1,41,10.211129
sequential,50,true,false,1,42,9.786663
sequential,50,true,false,1,43,7.522832
sequential,50,true,false,1,44,6.772934
sequential,50,true,false,1,45,3.582098
sequential,50,true,false,1,46,4.335622
sequential,50,true,false,1,47,1.9134126
sequential,50,true,false,1,48,1.1246109
sequential,50,true,false,1,49,0.785833
sequential,50,true,false,1,50,0.5452211
sequential,50,true,false,1,51,0.31475177
sequential,50,false,true,1,1,1.3692148e18
sequential,50,false,true,1,2,9.953409e17
sequential,50,false,true,1,3,1.6466516e17
sequential,50,false,true,1,4,6.742317e16
sequential,50,false,true,1,5,3.3834853e16
sequential,50,false,true,1,6,1.96013e16
sequential,50,false,true,1,7,7.466138e15
sequential,50,false,true,1,8,3.535499e15
sequential,50,false,true,1,9,1.0862961e15
sequential,50,false,true,1,10,2.5586112e14
sequential,50,false,true,1,11,1.1893143e14
sequential,50,false,true,1,12,5.8458364e13
sequential,50,false,true,1,13,4.5806917e13
sequential,50,false,true,1,14,1.3750842e13
sequential,50,false,true,1,15,7.6907796e12
sequential,50,false,true,1,16,4.6567176e12
sequential,50,false,true,1,17,2.1507696e12
sequential,50,false,true,1,18,9.465227e11
sequential,50,false,true,1,19,5.0728544e11
sequential,50,false,true,1,20,1.9790578e11
sequential,50,false,true,1,21,4.2948567e10
sequential,50,false,true,1,22,1.9752114e10
sequential,50,false,true,1,23,1.1454586e10
sequential,50,false,true,1,24,5.9882276e9
sequential,50,false,true,1,25,3.2114337e9
sequential,50,false,true,1,26,1.7588477e9
sequential,50,false,true,1,27,7.307222e8
sequential,50,false,true,1,28,4.7874566e8
sequential,50,false,true,1,29,1.2569467e8
sequential,50,false,true,1,30,6.858397e7
sequential,50,false,true,1,31,3.373005e7
sequential,50,false,true,1,32,1.1994203e7
sequential,50,false,true,1,33,6.581937e6
sequential,50,false,true,1,34,2.3794658e6
sequential,50,false,true,1,35,1.5543198e6
sequential,50,false,true,1,36,350450.12
sequential,50,false,true,1,37,128547.67
sequential,50,false,true,1,38,59369.867
sequential,50,false,true,1,39,29025.621
sequential,50,false,true,1,40,13272.295
sequential,50,false,true,1,41,5476.298
sequential,50,false,true,1,42,1917.8132
sequential,50,false,true,1,43,894.46515
sequential,50,false,true,1,44,333.99292
sequential,50,false,true,1,45,69.20635
sequential,50,false,true,1,46,24.144974
sequential,50,false,true,1,47,11.032574
sequential,50,false,true,1,48,4.1291213
sequential,50,false,true,1,49,1.3352333
sequential,50,false,true,1,50,0.51002777
sequential,50,false,true,1,51,0.19249982
sequential,50,true,true,1,1,3.3774148e7
sequential,50,true,true,1,2,1.9058458e7
sequential,50,true,true,1,3,1.279045e7
sequential,50,true,true,1,4,2.270367e6
sequential,50,true,true,1,5,1.7384041e6
sequential,50,true,true,1,6,783116.9
sequential,50,true,true,1,7,383837.44
sequential,50,true,true,1,8,304544.6
sequential,50,true,true,1,9,264263.2
sequential,50,true,true,1,10,216786.84
sequential,50,true,true,1,11,167671.97
sequential,50,true,true,1,12,42867.62
sequential,50,true,true,1,13,32976.0
sequential,50,true,true,1,14,9967.772
sequential,50,true,true,1,15,5133.46
sequential,50,true,true,1,16,3570.7878
sequential,50,true,true,1,17,3104.3408
sequential,50,true,true,1,18,3029.7432
sequential,50,true,true,1,19,1799.5673
sequential,50,true,true,1,20,1530.3138
sequential,50,true,true,1,21,1804.4719
sequential,50,true,true,1,22,363.40567
sequential,50,true,true,1,23,333.285
sequential,50,true,true,1,24,140.40222
sequential,50,true,true,1,25,91.08669
sequential,50,true,true,1,26,69.118095
sequential,50,true,true,1,27,33.51935
sequential,50,true,true,1,28,26.596794
sequential,50,true,true,1,29,14.896743
sequential,50,true,true,1,30,12.814449
sequential,50,true,true,1,31,6.538747
sequential,50,true,true,1,32,3.438989
sequential,50,true,true,1,33,1.8807977
sequential,50,true,true,1,34,1.3577068
sequential,50,true,true,1,35,1.1930348
sequential,50,true,true,1,36,0.60385036
sequential,50,true,true,1,37,0.48668128
sequential,50,true,true,1,38,0.26852006
sequential,50,true,true,1,39,0.21872525
sequential,50,true,true,1,40,0.1861105
sequential,50,true,true,1,41,0.17244683
sequential,50,true,true,1,42,0.15016854
sequential,50,true,true,1,43,0.13230634
sequential,50,true,true,1,44,0.23702896
sequential,50,true,true,1,45,0.07740716
sequential,50,true,true,1,46,0.06962164
sequential,50,true,true,1,47,0.06156476
sequential,50,true,true,1,48,0.05360095
sequential,50,true,true,1,49,0.0502151
sequential,50,true,true,1,50,0.05369536
sequential,50,true,true,1,51,0.04482493
