path,depth,use_bias,use_residual,seed,init_loss,final_loss,test_acc,grad_encoder,grad_last,grad_ratio,grad_min,grad_max,n_params
sequential,1,false,false,1,0.97611475,0.39045027,0.622,0.9318744,0.5008779,1.8604821,0.5008779,0.9318744,1857
sequential,1,true,false,1,1.0237125,0.4041819,0.555,0.29862392,0.40128753,0.74416447,0.29862392,0.40128753,1985
sequential,1,false,true,1,1.0048184,0.41454083,0.624,0.6709538,0.43944898,1.5268071,0.43944898,0.6709538,1857
sequential,1,true,true,1,1.0552876,0.40809378,0.5855,0.37940887,0.49061626,0.7733312,0.37940887,0.49061626,1985
sequential,2,false,false,1,0.9442749,0.32057756,0.619,0.9956965,0.4056561,2.4545336,0.4056561,0.9956965,1858
sequential,2,true,false,1,1.0083339,0.31601876,0.554,0.3081501,0.32122013,0.95931137,0.3081501,0.32466763,1986
sequential,2,false,true,1,1.002841,0.3363323,0.6165,1.5312756,0.33454165,4.5772347,0.33454165,1.5312756,1858
sequential,2,true,true,1,0.9678017,0.2989048,0.6305,0.4946887,0.2688641,1.839921,0.2688641,0.4946887,1986
sequential,3,false,false,1,0.9392041,0.29410186,0.6045,1.2216805,0.5242869,2.3301754,0.5242869,1.2216805,1859
sequential,3,true,false,1,0.99377155,0.31682238,0.629,0.4142981,0.5981898,0.69258636,0.4142981,0.5981898,1987
sequential,3,false,true,1,1.0128069,0.3905852,0.6135,5.025944,0.55761915,9.01322,0.55761915,5.025944,1859
sequential,3,true,true,1,0.9566257,0.27725047,0.654,0.7829728,0.3830616,2.0439868,0.3830616,0.90346503,1987
sequential,4,false,false,1,1.0034866,0.3230453,0.6115,1.9295675,0.47742602,4.041605,0.47742602,2.143585,1860
sequential,4,true,false,1,0.9844499,0.30424228,0.609,0.2737369,0.34748104,0.78777504,0.2737369,0.5777324,1988
sequential,4,false,true,1,1.0112696,0.6873565,0.4485,7.870715,0.2715874,28.980413,0.2715874,7.870715,1860
sequential,4,true,true,1,0.95990664,0.27695832,0.655,1.3629403,0.26443294,5.1542,0.26443294,1.7669495,1988
sequential,5,false,false,1,0.9619304,0.328788,0.6495,4.225503,0.36036214,11.725713,0.36036214,4.225503,1861
sequential,5,true,false,1,0.9553182,0.3007099,0.6265,0.42315322,0.32800478,1.2900825,0.32800478,0.7803677,1989
sequential,5,false,true,1,1.0089033,0.9845189,0.1115,6.6890416,0.19535843,34.23984,0.19535843,6.6890416,1861
sequential,5,true,true,1,0.9980255,0.27787015,0.696,1.6760695,0.2307835,7.2625184,0.2307835,2.548228,1989
sequential,6,false,false,1,1.0020888,0.27845427,0.5635,3.936955,0.3310647,11.891799,0.3310647,3.936955,1862
sequential,6,true,false,1,0.9445818,0.29397437,0.6165,0.3458247,0.16443808,2.1030693,0.16443808,0.560592,1990
sequential,6,false,true,1,0.99566776,0.9987451,0.105,11.074095,0.24585988,45.0423,0.24585988,11.074095,1862
sequential,6,true,true,1,0.9690363,0.28180352,0.6665,2.3169408,0.16521786,14.023549,0.16521786,2.7292078,1990
sequential,7,false,false,1,0.95599234,0.31584093,0.5875,9.751467,0.36354378,26.823362,0.36354378,9.751467,1863
sequential,7,true,false,1,1.0180067,0.32671085,0.583,0.9969819,0.6034606,1.6521077,0.39672473,1.3868786,1991
sequential,7,false,true,1,1.0192449,0.98843586,0.097,35.426216,0.21667856,163.49664,0.21667856,35.426216,1863
sequential,7,true,true,1,1.0439539,0.27287,0.7125,2.1653762,0.14811811,14.619253,0.14811811,3.6192856,1991
sequential,8,false,false,1,0.95091176,0.3839436,0.439,9.636225,0.3284438,29.339037,0.3284438,9.636225,1864
sequential,8,true,false,1,1.0037038,0.35069507,0.546,1.1903214,0.40425345,2.944493,0.40425345,1.8475968,1992
sequential,8,false,true,1,1.0157106,1.0000165,0.0815,70.66494,0.19349504,365.20285,0.19349504,70.66494,1864
sequential,8,true,true,1,1.0343106,0.31260198,0.6995,2.8156013,0.13062015,21.555643,0.13062015,3.6655147,1992
sequential,9,false,false,1,0.95526296,0.40271756,0.436,20.244675,0.28581116,70.832344,0.28581116,20.244675,1865
sequential,9,true,false,1,0.9933916,0.3379695,0.4805,2.715548,0.32051277,8.472511,0.32051277,3.1452122,1993
sequential,9,false,true,1,1.0089276,0.9831887,0.106,211.29817,0.5538502,381.5078,0.5538502,211.29817,1865
sequential,9,true,true,1,0.9973324,0.31220272,0.636,4.9808187,0.10800008,46.11866,0.10800008,4.9808187,1993
sequential,10,false,false,1,1.0352604,0.44816723,0.3065,50.890316,0.27078268,187.93785,0.27078268,50.890316,1866
sequential,10,true,false,1,1.0230241,0.35112137,0.3855,5.268505,0.2750595,19.154057,0.2750595,5.268505,1994
sequential,10,false,true,1,0.9996448,0.98146373,0.0995,401.33875,0.1888784,2124.8525,0.1888784,401.33875,1866
sequential,10,true,true,1,1.0175331,0.49298653,0.5805,9.392865,0.122651175,76.58194,0.122651175,9.392865,1994
sequential,15,false,false,1,1.0304568,0.6116422,0.0945,1746.7228,0.32416838,5388.3193,0.32416838,1746.7228,1871
sequential,15,true,false,1,1.0152504,0.43221608,0.2265,8.269075,0.2686949,30.774961,0.2686949,15.206416,1999
sequential,15,false,true,1,0.99050605,1.0030968,0.098,147520.55,0.35327747,417577.0,0.35327747,147520.55,1871
sequential,15,true,true,1,0.9800015,0.9856656,0.096,12.315919,0.07731135,159.30286,0.07731135,20.420952,1999
sequential,20,false,false,1,0.9992823,0.7848185,0.0875,4297.978,0.41972342,10240.024,0.41972342,17268.92,1876
sequential,20,true,false,1,0.9826732,0.47064263,0.1925,168.42392,0.36917394,456.21832,0.36917394,174.07709,2004
sequential,20,false,true,1,1.0007498,0.99678236,0.1045,1.7333258e7,0.23541987,7.3627e7,0.23541987,2.7044364e7,1876
sequential,20,true,true,1,1.0221995,0.9775399,0.114,44.747684,0.07403662,604.39935,0.07403662,44.747684,2004
sequential,25,false,false,1,0.9602115,0.8874224,0.128,3.550064e6,0.38743493,9.162994e6,0.38743493,3.550064e6,1881
sequential,25,true,false,1,1.04377,0.5306049,0.176,474.4441,0.34556228,1372.9626,0.30192602,654.8994,2009
sequential,25,false,true,1,1.001414,0.99967587,0.095,1.0060068e9,0.25345075,3.9692398e9,0.25345075,1.0060068e9,1881
sequential,25,true,true,1,0.99480754,0.9695692,0.1025,205.89763,0.063092574,3263.421,0.063092574,205.89763,2009
sequential,30,false,false,1,0.9840822,0.8947619,0.0775,2.0879942e7,0.2839152,7.354288e7,0.2839152,2.0879942e7,1886
sequential,30,true,false,1,1.0031364,0.52979714,0.191,6651.5215,0.5119632,12992.187,0.5119632,10660.049,2014
sequential,30,false,true,1,1.0095625,0.98648816,0.0895,1.9259128e10,0.18054938,1.0666959e11,0.18054938,3.4902802e10,1886
sequential,30,true,true,1,1.0005641,1.0030266,0.1005,993.3459,0.051804185,19175.012,0.051804185,1390.5625,2014
sequential,35,false,false,1,0.9532964,1.0023998,0.074,1.488241e8,0.2834551,5.2503587e8,0.2834551,1.488241e8,1891
sequential,35,true,false,1,0.9959593,0.57830095,0.1095,26646.484,0.49049178,54326.06,0.49049178,26646.484,2019
sequential,35,false,true,1,1.0093242,0.9916371,0.0965,2.771606e12,0.26276112,1.0548007e13,0.26276112,2.771606e12,1891
sequential,35,true,true,1,0.97563016,0.99622446,0.1135,7473.9976,0.050005525,149463.44,0.050005525,11763.493,2019
sequential,40,false,false,1,0.9500549,0.9231454,0.06,6.4518733e9,0.4501036,1.4334196e10,0.4501036,6.4518733e9,1896
sequential,40,true,false,1,1.0595,0.5578471,0.168,227470.66,0.20446908,1.1124941e6,0.20446908,227470.66,2024
sequential,40,false,true,1,1.0099125,1.0025967,0.095,1.0044364e14,0.28089738,3.5758126e14,0.28089738,1.0044364e14,1896
sequential,40,true,true,1,0.9956672,0.97482246,0.0925,55790.836,0.047218427,1.181548e6,0.047218427,55790.836,2024
sequential,45,false,false,1,1.0216188,0.950126,0.163,1.8984337e10,0.30743462,6.1750813e10,0.30743462,1.8984337e10,1901
sequential,45,true,false,1,1.0112848,0.56846297,0.095,263823.8,0.4196149,628728.4,0.4196149,303737.6,2029
sequential,45,false,true,1,1.00301,1.0172443,0.0985,1.32364355e17,0.23371913,5.6633944e17,0.23371913,1.32364355e17,1901
sequential,45,true,true,1,1.0015829,1.0138829,0.095,2.121654e6,0.047078002,4.506678e7,0.047078002,2.121654e6,2029
sequential,50,false,false,1,1.0038323,0.95095575,0.069,7.561672e11,0.5966746,1.2673024e12,0.5966746,7.561672e11,1906
sequential,50,true,false,1,1.0243156,0.5117507,0.103,1.01006425e6,0.31475177,3.209082e6,0.31475177,1.4319309e6,2034
sequential,50,false,true,1,0.98327744,1.0193107,0.11,1.3692148e18,0.19249982,7.112811e18,0.19249982,1.3692148e18,1906
sequential,50,true,true,1,0.99407756,0.9910735,0.0985,3.3774148e7,0.04482493,7.534679e8,0.04482493,3.3774148e7,2034
