gitrev,point,region,eps,omega_p,n_cycles,seed,epoch,loss,test_acc,settle_drift,w1_norm,w2_norm,elapsed_s,steps_per_grad,dt,T_free,batchsize,lr,weight_decay,hidden,output,scale
ddbaa3d,B,operating,0.03,0.02,4,789,0,2.3041768,0.1215,0.015192018,7.860072,4.027072,9.63568902015686,3340,0.5,200,256,0.003,0.0,256,64,0.4
ddbaa3d,B,operating,0.03,0.02,4,789,1,1.739101,0.831,0.0076211616,19.131186,8.465083,211.93781685829163,3340,0.5,200,256,0.003,0.0,256,64,0.4
ddbaa3d,B,operating,0.03,0.02,4,789,2,1.6391946,0.852,3.510438e-5,23.96294,10.294552,403.9456989765167,3340,0.5,200,256,0.003,0.0,256,64,0.4
ddbaa3d,B,operating,0.03,0.02,4,789,3,1.7110436,0.8225,0.0003993846,31.361267,12.693455,593.5861520767212,3340,0.5,200,256,0.003,0.0,256,64,0.4
ddbaa3d,B,operating,0.03,0.02,4,789,4,1.6699499,0.857,0.002000794,36.10048,14.14599,783.6291930675507,3340,0.5,200,256,0.003,0.0,256,64,0.4
ddbaa3d,B,operating,0.03,0.02,4,789,5,1.6470319,0.861,0.0006127729,40.06917,15.2907095,973.8822009563446,3340,0.5,200,256,0.003,0.0,256,64,0.4
ddbaa3d,B,operating,0.03,0.02,4,789,6,1.690285,0.841,0.0001937318,45.093525,16.818699,1163.5235080718994,3340,0.5,200,256,0.003,0.0,256,64,0.4
ddbaa3d,B,operating,0.03,0.02,4,789,7,1.6641742,0.856,0.0021983325,49.842556,18.173212,1353.0657930374146,3340,0.5,200,256,0.003,0.0,256,64,0.4
ddbaa3d,B,operating,0.03,0.02,4,789,8,1.6576661,0.8555,0.0013561497,54.12768,19.245026,1542.9939658641815,3340,0.5,200,256,0.003,0.0,256,64,0.4
ddbaa3d,B,operating,0.03,0.02,4,999,0,2.3053932,0.0865,0.00040252725,7.8581953,4.051491,0.16375088691711426,3340,0.5,200,256,0.003,0.0,256,64,0.4
ddbaa3d,B,operating,0.03,0.02,4,999,1,1.737925,0.8385,4.2398824e-5,20.161776,8.304981,190.60430192947388,3340,0.5,200,256,0.003,0.0,256,64,0.4
ddbaa3d,B,operating,0.03,0.02,4,999,2,1.6568503,0.8395,1.9527324e-6,25.019485,10.229611,381.2816889286041,3340,0.5,200,256,0.003,0.0,256,64,0.4
ddbaa3d,B,operating,0.03,0.02,4,999,3,1.6406819,0.851,0.00020609415,29.039318,11.598489,571.2175250053406,3340,0.5,200,256,0.003,0.0,256,64,0.4
ddbaa3d,B,operating,0.03,0.02,4,999,4,1.637019,0.8525,0.000101791855,33.03956,12.933752,761.6012468338013,3340,0.5,200,256,0.003,0.0,256,64,0.4
ddbaa3d,B,operating,0.03,0.02,4,999,5,1.6694057,0.8435,0.01914547,38.705666,14.779564,951.9251959323883,3340,0.5,200,256,0.003,0.0,256,64,0.4
ddbaa3d,B,operating,0.03,0.02,4,999,6,1.6673684,0.8475,0.00023688143,43.68565,16.25167,1143.0171518325806,3340,0.5,200,256,0.003,0.0,256,64,0.4
ddbaa3d,B,operating,0.03,0.02,4,999,7,1.7055461,0.8405,0.00013077125,49.50973,17.81135,1333.7857480049133,3340,0.5,200,256,0.003,0.0,256,64,0.4
ddbaa3d,B,operating,0.03,0.02,4,999,8,1.6875799,0.844,0.016681558,53.320465,18.858772,1524.2956938743591,3340,0.5,200,256,0.003,0.0,256,64,0.4
ddbaa3d,B,operating,0.03,0.02,4,1337,0,2.306806,0.1285,0.00025367195,7.8545732,4.051807,0.16307902336120605,3340,0.5,200,256,0.003,0.0,256,64,0.4
ddbaa3d,B,operating,0.03,0.02,4,1337,1,1.7333446,0.8415,0.0019128508,20.054934,8.460865,190.79048609733582,3340,0.5,200,256,0.003,0.0,256,64,0.4
ddbaa3d,B,operating,0.03,0.02,4,1337,2,1.676839,0.8485,0.0008397488,27.333052,10.794938,381.60993099212646,3340,0.5,200,256,0.003,0.0,256,64,0.4
ddbaa3d,B,operating,0.03,0.02,4,1337,3,1.6664239,0.833,3.7591777e-5,32.41398,12.419246,570.2715661525726,3340,0.5,200,256,0.003,0.0,256,64,0.4
ddbaa3d,B,operating,0.03,0.02,4,1337,4,1.6555002,0.856,0.0005162774,36.76569,13.813478,759.2731790542603,3340,0.5,200,256,0.003,0.0,256,64,0.4
ddbaa3d,B,operating,0.03,0.02,4,1337,5,1.6832424,0.8505,0.007887956,42.813625,15.581455,949.8717861175537,3340,0.5,200,256,0.003,0.0,256,64,0.4
ddbaa3d,B,operating,0.03,0.02,4,1337,6,1.683207,0.8395,0.018175058,47.29738,16.779062,1140.0769419670105,3340,0.5,200,256,0.003,0.0,256,64,0.4
ddbaa3d,B,operating,0.03,0.02,4,1337,7,1.6577542,0.8595,0.0003807594,50.807064,17.737726,1330.6696960926056,3340,0.5,200,256,0.003,0.0,256,64,0.4
ddbaa3d,B,operating,0.03,0.02,4,1337,8,1.6621876,0.7395,0.010360949,55.532196,18.748857,1521.4049861431122,3340,0.5,200,256,0.003,0.0,256,64,0.4
ddbaa3d,B,operating,0.03,0.02,4,2718,0,2.3265126,0.1375,0.0001602966,7.853142,4.0574903,0.24244093894958496,3340,0.5,200,256,0.003,0.0,256,64,0.4
ddbaa3d,B,operating,0.03,0.02,4,2718,1,1.7380699,0.8215,0.018820561,19.386497,8.232755,190.3338348865509,3340,0.5,200,256,0.003,0.0,256,64,0.4
ddbaa3d,B,operating,0.03,0.02,4,2718,2,1.6859187,0.8425,0.031965215,27.071901,10.991391,380.3067569732666,3340,0.5,200,256,0.003,0.0,256,64,0.4
ddbaa3d,B,operating,0.03,0.02,4,2718,3,1.6582408,0.8645,0.001905728,30.774006,12.431593,570.111927986145,3340,0.5,200,256,0.003,0.0,256,64,0.4
ddbaa3d,B,operating,0.03,0.02,4,2718,4,1.6624203,0.8565,3.1885065e-5,36.10637,14.015342,760.8487989902496,3340,0.5,200,256,0.003,0.0,256,64,0.4
ddbaa3d,B,operating,0.03,0.02,4,2718,5,1.6626781,0.845,0.009894677,40.350563,15.394595,951.3161869049072,3340,0.5,200,256,0.003,0.0,256,64,0.4
ddbaa3d,B,operating,0.03,0.02,4,2718,6,1.6551306,0.858,0.0032677876,44.633923,16.642138,1141.2817630767822,3340,0.5,200,256,0.003,0.0,256,64,0.4
ddbaa3d,B,operating,0.03,0.02,4,2718,7,1.6425633,0.8625,0.0027055922,48.18776,17.50127,1333.006098985672,3340,0.5,200,256,0.003,0.0,256,64,0.4
ddbaa3d,B,operating,0.03,0.02,4,2718,8,1.6683416,0.8465,0.00604197,52.241035,18.594881,1524.1798241138458,3340,0.5,200,256,0.003,0.0,256,64,0.4
ddbaa3d,B,operating,0.03,0.02,4,3141,0,2.325969,0.093,0.0001091123,7.857816,4.0488243,0.16555404663085938,3340,0.5,200,256,0.003,0.0,256,64,0.4
ddbaa3d,B,operating,0.03,0.02,4,3141,1,1.7402294,0.842,0.00042263218,19.324621,8.033897,191.06409311294556,3340,0.5,200,256,0.003,0.0,256,64,0.4
ddbaa3d,B,operating,0.03,0.02,4,3141,2,1.6769973,0.8425,0.017585699,26.163956,10.408176,382.1037609577179,3340,0.5,200,256,0.003,0.0,256,64,0.4
ddbaa3d,B,operating,0.03,0.02,4,3141,3,1.6455501,0.853,0.014798608,30.849888,11.815494,573.6239500045776,3340,0.5,200,256,0.003,0.0,256,64,0.4
ddbaa3d,B,operating,0.03,0.02,4,3141,4,1.6659443,0.859,0.0003267926,36.920452,13.602665,765.0696420669556,3340,0.5,200,256,0.003,0.0,256,64,0.4
ddbaa3d,B,operating,0.03,0.02,4,3141,5,1.6590908,0.8415,0.0002453777,41.768387,14.949597,956.9863419532776,3340,0.5,200,256,0.003,0.0,256,64,0.4
ddbaa3d,B,operating,0.03,0.02,4,3141,6,1.6626729,0.846,0.009511331,46.69295,16.159977,1148.3398139476776,3340,0.5,200,256,0.003,0.0,256,64,0.4
ddbaa3d,B,operating,0.03,0.02,4,3141,7,1.6626226,0.858,0.00018123921,51.451927,17.572033,1339.670107126236,3340,0.5,200,256,0.003,0.0,256,64,0.4
ddbaa3d,B,operating,0.03,0.02,4,3141,8,1.7062707,0.8325,0.034869082,56.93329,19.002573,1530.6159019470215,3340,0.5,200,256,0.003,0.0,256,64,0.4
