eps,omega_p,n_cycles,rep,cos,cos_l1,cos_l2,relerr_l1,steps
0.01,0.01,1,4,0.9891521799948333,0.9928015919079395,0.9891521799948333,0.12190904204638114,2714
0.01,0.1,1,4,0.08607021718582464,0.08607021718582464,0.368984343471108,7.646041159971298,452
0.003,0.2,1,1,0.01567814561312666,0.01567814561312666,0.08410400839275357,46.72456202416043,326
0.03,0.1,2,7,0.1686232843646686,0.1686232843646686,0.7926798458243415,3.054889272177829,578
0.1,0.1,4,2,0.3823384002366313,0.3823384002366313,0.7937253152457892,1.4432900564904685,830
0.003,0.02,2,1,0.9613351203986712,0.9613351203986712,0.99572959131503,0.27790485185782565,2084
0.3,0.1,8,5,0.6214037784161941,0.6214037784161941,0.8938798645157207,0.8461469605391285,1334
0.01,0.2,1,1,0.03624441891082041,0.03624441891082041,0.22801029789352867,14.058406899844055,326
0.1,0.1,2,7,0.5459800278740198,0.5459800278740198,0.9116147641206421,1.012036711400042,578
0.03,0.2,1,1,0.09391613562730661,0.09391613562730661,0.5179366843274718,4.75756074216264,326
0.3,0.1,4,2,0.7021026330679149,0.7021026330679149,0.8604044434570444,0.7206383214366175,830
0.03,0.01,2,7,0.9988018860714004,0.9988018860714004,0.9989204483051979,0.056591490690072264,3971
0.3,0.1,2,7,0.8377051034793574,0.8377051034793574,0.9226181835566343,0.5522688708149321,578
0.03,0.1,1,4,0.22328329804370245,0.22328329804370245,0.6385592617469188,2.600933479799278,452
0.1,0.2,1,1,0.2721608621625371,0.2721608621625371,0.7703455129781411,1.6042409291980453,326
0.003,0.1,8,6,-0.02344523911811574,0.005372191012553767,-0.02344523911811574,58.731218997264946,1334
0.003,0.1,2,8,0.006165906070734913,0.08378286116582641,0.006165906070734913,26.72466523284459,578
0.003,0.1,4,3,-0.035782942963612695,0.047262676064243433,-0.035782942963612695,45.98758306676004,830
0.3,0.2,1,1,0.5387342426988397,0.5387342426988397,0.8220610513257973,0.8747825698580256,326
0.01,0.1,2,8,0.1140605444060459,0.1140605444060459,0.17474648496404943,7.996924800893566,578
0.01,0.02,2,1,0.9936793658927625,0.9936793658927625,0.9972696976138663,0.11676899912992583,2084
0.1,0.1,1,4,0.5413966084084685,0.5413966084084685,0.7406991398339104,0.9775914182160655,452
0.03,0.01,1,4,0.9894370290824702,0.9971302652354973,0.9894370290824702,0.08208838554932711,2714
0.01,0.1,4,3,0.07987288861528347,0.07987288861528347,0.11193775729465419,13.774347842614205,830
0.03,0.1,2,8,0.19731745008016807,0.19731745008016807,0.4775644312659383,2.717481370475728,578
0.003,0.2,1,2,0.006482147061726128,0.006482147061726128,0.03168313653022001,44.49606752734376,326
0.01,0.1,8,6,0.017785664600091348,0.017785664600091348,0.07016133795666253,17.625599865435355,1334
0.3,0.1,1,4,0.7305839992600048,0.7305839992600048,0.7509482905314128,0.6835288248952437,452
0.1,0.1,2,8,0.4129297743258754,0.4129297743258754,0.626789653612208,1.0750514042152066,578
0.01,0.2,1,2,0.02303213307812041,0.02303213307812041,0.13238360554624481,13.346396644296684,326
0.03,0.1,4,3,0.17142172820408924,0.17142172820408924,0.4696685044977375,4.588103829528466,830
0.003,0.1,1,5,0.04030803573408149,0.04030803573408149,0.09394610258215477,24.216399805930916,452
0.03,0.2,1,2,0.07024061360947241,0.07024061360947241,0.3794677275295234,4.489285081024829,326
0.1,0.01,4,2,0.9965202515398349,0.9971705212177164,0.9965202515398349,0.08038162005986192,6485
0.3,0.1,2,8,0.5785960849978455,0.5785960849978455,0.6382968402900239,0.8176824603674181,578
0.1,0.2,1,2,0.224498118545734,0.224498118545734,0.6869464964520562,1.5266230432145094,326
0.01,0.1,1,5,0.09520191232442873,0.09520191232442873,0.43904475774875457,7.249456515448083,452
0.3,0.2,1,2,0.47667304863747034,0.47667304863747034,0.7515485426482276,0.8980574948952083,326
0.03,0.02,2,1,0.9965114105986415,0.9965114105986415,0.9972969445294463,0.09130831295637008,2084
0.1,0.1,4,3,0.44255380033520547,0.44255380033520547,0.842096358541879,1.4327461648206323,830
0.03,0.1,8,6,0.053104008536237195,0.053104008536237195,0.3116915120333697,5.918944047063431,1334
0.03,0.1,1,5,0.2456394548689427,0.2456394548689427,0.7918383352579883,2.444471144259397,452
0.003,0.05,1,1,0.24958595417418825,0.24958595417418825,0.7809175141257484,3.2839668637699626,702
0.003,0.2,1,3,-0.04764402546823481,0.04101488055942904,-0.04764402546823481,45.8298843581723,326
0.01,0.2,1,3,0.05910993512339434,0.05910993512339434,0.0726133255353027,13.719733975082244,326
0.1,0.1,1,5,0.5939206972964854,0.5939206972964854,0.8899076527101388,0.8932482033317863,452
0.1,0.01,2,7,0.9989232214921359,0.9992564216793027,0.9989232214921359,0.04776240626073398,3971
0.1,0.01,1,4,0.9894135879504401,0.997568788879798,0.9894135879504401,0.07695020284101822,2714
0.03,0.2,1,3,0.11049219505626091,0.11049219505626091,0.3711392562969308,4.588176989645372,326
0.01,0.05,1,1,0.6564128285549756,0.6564128285549756,0.9623852183937885,0.9990681308156467,702
0.3,0.1,1,5,0.7913275436510795,0.7913275436510795,0.9000881575345958,0.6149121048737208,452
0.1,0.2,1,3,0.2730400323932586,0.2730400323932586,0.7071351027332745,1.53257713779481,326
0.3,0.1,4,3,0.7577726216323502,0.7577726216323502,0.9053375239231783,0.6622486928002521,830
0.3,0.2,1,3,0.5049414615902174,0.5049414615902174,0.7705771486155003,0.8925996704735791,326
0.003,0.1,1,6,0.013572442817623839,0.013572442817623839,0.03923167089026166,21.33668829907516,452
0.1,0.1,8,6,0.16916751406646993,0.16916751406646993,0.6607997032778311,1.9456311234556352,1334
0.003,0.2,1,4,0.02038014209628019,0.02038014209628019,0.09396470234821401,44.55699903971131,326
0.01,0.1,1,6,0.0476882995994754,0.0476882995994754,0.27803535291292114,6.441872167279179,452
0.01,0.2,1,4,0.035117670021826544,0.035117670021826544,0.20780908828856023,13.374988539253282,326
0.1,0.02,2,1,0.9967807621785532,0.9967807621785532,0.9972616920887066,0.08843627020836978,2084
0.03,0.1,1,6,0.14104825333758486,0.14104825333758486,0.6172971052296687,2.2855491667264776,452
0.03,0.2,1,4,0.07681598322594603,0.07681598322594603,0.43817320241323365,4.515644350702886,326
0.1,0.2,1,4,0.2088624624922084,0.2088624624922084,0.6403928554311913,1.570582452149119,326
0.03,0.05,1,1,0.9217301150013976,0.9217301150013976,0.9812173341680699,0.3884383791788719,702
0.1,0.1,1,6,0.35882146116226277,0.35882146116226277,0.7481772255504153,1.064094765476939,452
0.3,0.1,8,6,0.3749713569284232,0.3749713569284232,0.7517667422867838,1.0338850775518817,1334
0.3,0.2,1,4,0.4078691806254087,0.4078691806254087,0.6795203980835872,0.9602746070845172,326
0.3,0.1,1,6,0.4891560224179944,0.4891560224179944,0.7617037230739873,0.8849403486141096,452
0.3,0.01,1,4,0.9889450560212082,0.9976375810603588,0.9889450560212082,0.07532800023062798,2714
0.003,0.2,1,5,0.01826934266648565,0.02235528377168105,0.01826934266648565,42.35177927152556,326
0.003,0.1,4,4,0.02640716863503629,0.02640716863503629,0.1057562431595679,44.67913235010504,830
0.003,0.1,1,7,-0.016635324731406567,-0.016635324731406567,0.14430904122714164,24.22296992370531,452
0.01,0.2,1,5,0.03791789535413956,0.03791789535413956,0.22721295925622703,12.698071899424738,326
0.03,0.2,1,5,0.08209766903518569,0.08209766903518569,0.5898816703872124,4.279323717563904,326
0.01,0.1,1,7,0.04589007008921679,0.04589007008921679,0.5056919565971452,7.271766068439984,452
0.3,0.02,2,1,0.9967409835961699,0.9967409835961699,0.9972104440506149,0.0884033750581795,2084
0.1,0.2,1,5,0.22163905742792828,0.22163905742792828,0.8004818057039568,1.5003972909115197,326
0.003,0.1,8,7,-0.03367977101400076,-0.03367977101400076,0.022462836343269718,66.74964533107699,1334
0.03,0.1,1,7,0.21943437211385766,0.21943437211385766,0.8356030782630371,2.455456860059002,452
0.3,0.2,1,5,0.41910936042181984,0.41910936042181984,0.8333298950961247,0.9470835362113498,326
0.3,0.01,2,7,0.9988962535248418,0.9992611253363565,0.9988962535248418,0.04697749582702859,3971
0.1,0.05,1,1,0.9737840802863175,0.9737840802863175,0.9822737100154272,0.24271490477589205,702
0.003,0.2,1,6,-0.013086790203036217,0.0037867518802767236,-0.013086790203036217,37.299012607444425,326
0.1,0.1,1,7,0.6281281202728868,0.6281281202728868,0.9163249914122058,0.854464332674752,452
0.01,0.1,4,4,0.05520477940699775,0.05520477940699775,0.24449211066755097,13.397095966422407,830
0.01,0.2,1,6,0.014094019023474942,0.014094019023474942,0.11909839056788453,11.21620226996091,326
0.3,0.1,1,7,0.8612680014869508,0.8612680014869508,0.9229963980915373,0.522744547588117,452
0.03,0.2,1,6,0.04332453769217748,0.04332453769217748,0.4080743460487201,3.835217810020404,326
0.003,0.1,1,8,0.01921515100128044,0.08934653847917054,0.01921515100128044,21.383707323298903,452
0.003,0.01,1,5,0.9519559796091858,0.9519559796091858,0.9956634843380724,0.31571422234609536,2714
0.1,0.2,1,6,0.1360765694897374,0.1360765694897374,0.6567980197938892,1.4571703549982855,326
0.01,0.1,8,7,-0.011056259368090253,-0.011056259368090253,0.18313321448841452,20.02074515720627,1334
0.03,0.1,4,4,0.13626384729231414,0.13626384729231414,0.5118040405243662,4.487299234711366,830
0.3,0.2,1,6,0.2737525467953494,0.2737525467953494,0.6996607780041761,1.0158305398761007,326
0.01,0.1,1,8,0.12706698129909721,0.12706698129909721,0.22413548325561256,6.401270704371308,452
0.3,0.05,1,1,0.9777899125766351,0.9777899125766351,0.981873646137755,0.22864306384887248,702
0.003,0.02,2,2,0.9529566995756602,0.9529566995756602,0.9849738596614148,0.30371491372513476,2084
0.003,0.2,1,7,-0.0354796461785629,-0.0354796461785629,0.044249556176634765,42.375815251837885,326
0.03,0.1,1,8,0.22889611746472743,0.22889611746472743,0.5333122587323135,2.2089880946864953,452
0.01,0.2,1,7,-0.017062269468446814,-0.017062269468446814,0.24873724488642315,12.735519282324336,326
0.1,0.1,4,4,0.3783446648799937,0.3783446648799937,0.7157396847974656,1.4612647820192382,830
0.003,0.05,1,2,0.2383149987507681,0.2383149987507681,0.6528901791833451,3.1656349269720696,702
0.1,0.1,1,8,0.46147420534515965,0.46147420534515965,0.6370989256582301,0.9723095616415873,452
0.03,0.2,1,7,0.03568304245653417,0.03568304245653417,0.6048880378602125,4.310628983244737,326
0.03,0.1,8,7,0.053731284913401706,0.053731284913401706,0.5383783229852354,6.6796559878632396,1334
0.1,0.2,1,7,0.20829137601232078,0.20829137601232078,0.7989376311072194,1.4971796669605306,326
0.3,0.1,1,8,0.5920498798683602,0.5920498798683602,0.6398256755489512,0.8062867325270239,452
0.01,0.05,1,2,0.6155393378041326,0.6155393378041326,0.9006356000949669,1.0160362925865793,702
0.3,0.1,4,4,0.6637693965392077,0.6637693965392077,0.7485154275067566,0.768557514559445,830
0.3,0.2,1,7,0.4787134487077727,0.4787134487077727,0.8224574811695409,0.8966747400534668,326
0.003,0.2,4,1,0.013044275862170525,0.013044275862170525,0.06457620236262605,66.7934888090266,515
0.003,0.2,1,8,-0.026331043297827223,0.08201993447081776,-0.026331043297827223,37.497160597584156,326
0.03,0.05,1,2,0.8725890711834206,0.8725890711834206,0.9396106023369115,0.48873870959316884,702
0.01,0.02,2,2,0.985008941543567,0.985008941543567,0.9876693829093406,0.17924811402252355,2084
0.01,0.2,1,8,0.06706541921677207,0.09338434996570918,0.06706541921677207,11.218619152130476,326
0.01,0.01,1,5,0.9943753171766081,0.9943753171766081,0.9976674989889283,0.10794514858944323,2714
0.01,0.2,4,1,0.027438823059331808,0.027438823059331808,0.16825673938155794,20.074155432972326,515
0.003,0.1,4,5,0.005396952865736783,0.03353678331011179,0.005396952865736783,42.55690668738596,830
0.03,0.2,1,8,0.12534876068591455,0.12534876068591455,0.2957111165311106,3.7773430416254925,326
0.1,0.05,1,2,0.9282709530566358,0.9282709530566358,0.9443907156487293,0.384104245836964,702
0.1,0.1,8,7,0.2701917193905179,0.2701917193905179,0.8619739700803647,2.044560598958985,1334
0.3,0.01,8,5,0.9978602917417256,0.9984904418203375,0.9978602917417256,0.06211935210747971,11513
0.1,0.2,1,8,0.22475796385820654,0.22475796385820654,0.5294150283143283,1.378463502674446,326
0.03,0.2,4,1,0.06812120867613565,0.06812120867613565,0.4105731109106139,6.748420052321182,515
0.3,0.01,4,2,0.9962889046965003,0.9970747131297772,0.9962889046965003,0.08106003993223716,6485
0.3,0.2,1,8,0.3674568100514502,0.3674568100514502,0.5653862385911664,0.9530961937895058,326
0.01,0.1,4,5,0.06486417460171068,0.06486417460171068,0.23097684028495244,12.739301585408366,830
0.3,0.05,1,2,0.9332231524744329,0.9332231524744329,0.9443394967367146,0.37460338293443485,702
0.1,0.2,4,1,0.20098002833049375,0.20098002833049375,0.7235716619348462,2.1596869854322134,515
0.003,0.2,2,1,0.01458315707444695,0.01458315707444695,0.07596771232208448,53.40841089757963,389
0.01,0.2,2,1,0.03257403360984131,0.03257403360984131,0.20350261323650373,16.06128902723127,389
0.3,0.2,4,1,0.45533600874850727,0.45533600874850727,0.8140571963449265,1.0034290993032817,515
0.003,0.05,1,3,0.2193443460299965,0.2193443460299965,0.7206336497929516,3.265485205314398,702
0.03,0.1,4,5,0.153353270789702,0.153353270789702,0.6412708353817744,4.244432972384168,830
0.3,0.1,8,7,0.6568241858966138,0.6568241858966138,0.9173994146882454,0.8059390607670686,1334
0.03,0.02,2,2,0.9877342828590205,0.9880308560768608,0.9877342828590205,0.1635765697189148,2084
0.03,0.2,2,1,0.08320593523739583,0.08320593523739583,0.47743490989030224,5.419214593458617,389
0.003,0.01,2,8,0.9427551887526052,0.9427551887526052,0.9649488056058254,0.33557139051779106,3971
0.003,0.2,4,2,0.004350229738570892,0.004350229738570892,0.01858727297656581,63.64922298701112,515
0.1,0.2,2,1,0.24357378134256163,0.24357378134256163,0.7554737647473077,1.7858496909288604,389
0.01,0.05,1,3,0.6251748798429267,0.6251748798429267,0.930939860204494,1.0258877393120998,702
0.03,0.01,1,5,0.9978032484798095,0.9981657274866629,0.9978032484798095,0.06686716457541172,2714
0.01,0.2,4,2,0.01590368185651986,0.01590368185651986,0.08936005484944286,19.0856477191166,515
0.1,0.1,4,5,0.41910766909018854,0.41910766909018854,0.8705774409247475,1.3538524441543696,830
0.3,0.2,2,1,0.5092883727875288,0.5092883727875288,0.8196527664198251,0.9147575407305034,389
0.03,0.05,1,3,0.8990155768293752,0.8990155768293752,0.9671765132831944,0.4386020890715864,702
0.003,0.2,2,2,0.00559146941655345,0.00559146941655345,0.026214850955790254,50.87712523342526,389
0.03,0.2,4,2,0.048935648980579824,0.048935648980579824,0.2781093718163574,6.383404172509788,515
0.003,0.1,8,8,-0.03275627026059491,0.074420361972205,-0.03275627026059491,58.86061853005753,1334
0.01,0.2,2,2,0.020055814161130302,0.020055814161130302,0.1145014664365494,15.257933689176696,389
0.1,0.2,4,2,0.16120620114791945,0.16120620114791945,0.6223249763539053,2.0387225499037425,515
0.1,0.05,1,3,0.9583316461115778,0.9583316461115778,0.9728362948199608,0.2985547362661634,702
0.03,0.2,2,2,0.06135784610670862,0.06135784610670862,0.33947720928717284,5.118607931665655,389
0.3,0.1,4,5,0.7264071415698704,0.7264071415698704,0.8987498230119209,0.691062155898829,830
0.1,0.02,2,2,0.9875766921616221,0.9883132962429018,0.9875766921616221,0.16202984596804781,2084
0.1,0.2,2,2,0.19879176045790872,0.19879176045790872,0.6662637525280256,1.692799758694088,389
0.3,0.2,4,2,0.3961971241557227,0.3961971241557227,0.7435791208000824,1.000358316758983,515
0.3,0.05,1,3,0.9646768127928192,0.9646768127928192,0.973165608090789,0.28056144079989453,702
0.3,0.2,2,2,0.4483122089647065,0.4483122089647065,0.7493659360006022,0.9290411113772679,389
0.003,0.2,4,3,-0.06301121734473522,0.03868299634113387,-0.06301121734473522,65.57398145085935,515
0.01,0.1,8,8,0.04624773373024067,0.08824748755662273,0.04624773373024067,17.619879884017966,1334
0.003,0.2,2,3,-0.05408001937045717,0.040044992989978684,-0.05408001937045717,52.40816604265518,389
0.003,0.05,1,4,0.22236710329602977,0.22236710329602977,0.6320516579108741,3.1900500658937743,702
0.1,0.01,1,5,0.9978096387357015,0.9985127960010345,0.9978096387357015,0.06197649798261303,2714
0.01,0.2,4,3,0.02086559055267926,0.05132909473687469,0.02086559055267926,19.636391343635953,515
0.01,0.2,2,3,0.05102581870336474,0.05586626792337156,0.05102581870336474,15.690406831707174,389
0.03,0.2,2,3,0.10087968168102217,0.10087968168102217,0.32347553473103163,5.237147800114762,389
0.03,0.2,4,3,0.08738921886053141,0.08738921886053141,0.24949544910628135,6.5413885390667845,515
0.01,0.05,1,4,0.5984866570572386,0.5984866570572386,0.8225857744338277,1.041340683697124,702
0.1,0.2,2,3,0.24678242388039928,0.24678242388039928,0.686748288098581,1.703704561552684,389
0.01,0.01,2,8,0.9653728919965048,0.9822705302028065,0.9653728919965048,0.19749298645666977,3971
0.3,0.02,2,2,0.9867229075479649,0.9877309933107842,0.9867229075479649,0.16516113162737417,2084
0.03,0.1,8,8,0.12736687788302373,0.12736687788302373,0.25331260974494313,5.869534193140969,1334
0.1,0.2,4,3,0.20770077177149548,0.20770077177149548,0.6422712180404306,2.060374667649073,515
0.003,0.1,4,6,-0.001523790508152034,0.008238156770671566,-0.001523790508152034,37.381828584443454,830
0.3,0.2,2,3,0.4818113268530575,0.4818113268530575,0.768205533241814,0.9229796486260978,389
0.03,0.05,1,4,0.8494375985950595,0.8577278228219649,0.8494375985950595,0.5153497396128222,702
0.003,0.2,2,4,0.0195763629569675,0.0195763629569675,0.08752360391667775,50.945313230513506,389
0.3,0.2,4,3,0.4370498014800705,0.4370498014800705,0.7622547086742699,0.9941578132382467,515
0.1,0.05,1,4,0.8531578592675284,0.9168718906224763,0.8531578592675284,0.40709586849441676,702
0.01,0.2,2,4,0.03245335868286546,0.03245335868286546,0.18840083521699438,15.288239786074383,389
0.01,0.1,4,6,0.02773755857375243,0.02773755857375243,0.14376412770114375,11.231832801277436,830
0.003,0.2,4,4,0.01846603158075881,0.01846603158075881,0.07849673909130496,63.731909179258516,515
0.03,0.2,2,4,0.06899020177414616,0.06899020177414616,0.4057420806500759,5.14425221739547,389
0.1,0.1,8,8,0.25403214518603734,0.25403214518603734,0.5552098105482317,1.8681196750503752,1334
0.3,0.01,1,5,0.9978530214056244,0.9984817969997999,0.9978530214056244,0.06217885499763032,2714
0.01,0.2,4,4,0.028757660041842353,0.028757660041842353,0.1605089567345887,19.12005913186948,515
0.1,0.2,2,4,0.18732486638133317,0.18732486638133317,0.6285112586599215,1.7339717249831452,389
0.03,0.1,4,6,0.08274916625271035,0.08274916625271035,0.4593178808377712,3.8194001511805724,830
0.003,0.02,2,3,0.9579522019562615,0.9579522019562615,0.9913526829696182,0.2883014576985829,2084
0.03,0.2,4,4,0.05803999222263198,0.05803999222263198,0.35243057217501794,6.408481983284501,515
0.3,0.2,2,4,0.386410163929694,0.386410163929694,0.6777294553869521,0.9900205703498537,389
0.3,0.05,1,4,0.8516923048264454,0.9229848672356742,0.8516923048264454,0.3954634941669934,702
0.003,0.2,2,5,-0.002065838945342118,0.023584060050089242,-0.002065838945342118,48.47025305586398,389
0.1,0.2,4,4,0.15550666519643694,0.15550666519643694,0.6030187675847855,2.075546719980882,515
0.1,0.1,4,6,0.2478895282850725,0.2478895282850725,0.7190830945281279,1.400796137889978,830
0.3,0.1,8,8,0.47435209792604227,0.47435209792604227,0.6297060140819466,0.9463073598221912,1334
0.01,0.2,2,5,0.03717994631681919,0.03717994631681919,0.18471073522585119,14.52754324078839,389
0.3,0.2,4,4,0.3464982741925264,0.3464982741925264,0.6736721696263561,1.0585566252533396,515
0.03,0.2,2,5,0.07587304613571447,0.07587304613571447,0.5457202965479502,4.876539116609139,389
0.3,0.1,4,6,0.4433130520484228,0.4433130520484228,0.7588867951450482,0.9336054885251528,830
0.1,0.2,2,5,0.20120959747366285,0.20120959747366285,0.7927094935700564,1.6499232896359044,389
0.003,0.2,4,5,-0.025317187620932435,0.024061496767140284,-0.025317187620932435,60.69222575169391,515
0.03,0.01,2,8,0.9643916897714603,0.9852381530225858,0.9643916897714603,0.18595428140996229,3971
0.003,0.01,1,6,0.9278859033673961,0.9278859033673961,0.9434004777277489,0.37338727476366634,2714
0.01,0.02,2,3,0.9914142013368015,0.9914142013368015,0.9950204696115742,0.13568271487573183,2084
0.3,0.2,2,5,0.40148749470282585,0.40148749470282585,0.8327566370837932,0.970780659766988,389
0.01,0.2,4,5,0.034923271371279235,0.034923271371279235,0.12679062708453973,18.18710039045147,515
0.003,0.05,1,5,0.22649372121221797,0.22649372121221797,0.7960361149245394,3.056824615781929,702
0.003,0.05,4,1,0.4948243489755116,0.4948243489755116,0.9156289431741977,1.5480222371173715,1455
0.003,0.1,4,7,-0.028142338834158318,-0.028142338834158318,0.06245524781391021,42.47925992564772,830
0.003,0.2,2,6,-0.017576170486267254,0.0034204336762743725,-0.017576170486267254,42.63358457116713,389
0.03,0.2,4,5,0.06590354876074948,0.06590354876074948,0.4645490058206851,6.080317013815269,515
0.01,0.2,2,6,0.012418203448719745,0.012418203448719745,0.09860764327176419,12.811930430573389,389
0.03,0.2,2,6,0.037989732800756626,0.037989732800756626,0.36857740387529014,4.354108846175146,389
0.01,0.1,4,7,0.00746006869053879,0.00746006869053879,0.3039107262675877,12.742499357962433,830
0.1,0.2,4,5,0.16930687593177426,0.16930687593177426,0.772509331822205,1.968176072069041,515
0.1,0.2,2,6,0.12103225534992723,0.12103225534992723,0.6439796531125737,1.5819860792468987,389
0.3,0.2,4,5,0.36524435812397504,0.36524435812397504,0.8303686469946395,1.0290164296556576,515
0.01,0.05,4,1,0.8649781189709709,0.8649781189709709,0.9729448152821404,0.521628761340923,1455
0.3,0.2,2,6,0.25897614486634213,0.25897614486634213,0.6979753091229937,1.0360610758579885,389
0.03,0.02,2,3,0.9946789715933606,0.9946789715933606,0.9954545208176148,0.11072070861773343,2084
0.03,0.1,4,7,0.10888021535272728,0.10888021535272728,0.7013108768648435,4.261901053999156,830
0.003,0.01,4,3,0.8914637406302546,0.8914637406302546,0.9877880889062653,0.5071311546034593,6485
0.01,0.05,1,5,0.6190085448958498,0.6190085448958498,0.9301559152220628,0.9948073042845218,702
0.003,0.2,4,6,-0.02518804569853991,0.002899446763019256,-0.02518804569853991,53.31882249097308,515
0.003,0.2,2,7,-0.03647183871295249,-0.03647183871295249,0.03277837595208996,48.447406111188705,389
0.01,0.01,1,6,0.9456160249797505,0.9681857396565836,0.9456160249797505,0.2583372681375487,2714
0.01,0.2,2,7,-0.020379085414989038,-0.020379085414989038,0.2143047420291573,14.554252128087073,389
0.01,0.2,4,6,0.010083886293204086,0.010083886293204086,0.06821680887963509,16.010890309143818,515
0.03,0.05,1,5,0.8815270181151112,0.8815270181151112,0.9504560564376451,0.472331310348864,702
0.1,0.1,4,7,0.4189996524740606,0.4189996524740606,0.8988493867371283,1.3462878347072553,830
0.03,0.2,2,7,0.02574719626154402,0.02574719626154402,0.5628712747193153,4.908868140707346,389
0.003,0.01,8,6,0.7790944695279559,0.7790944695279559,0.9269568206120751,0.71597297468267,11513
0.03,0.2,4,6,0.030551223295393535,0.030551223295393535,0.30281405066411454,5.401880964838401,515
0.1,0.2,2,7,0.17970486231610053,0.17970486231610053,0.7908802893694783,1.6547572023610853,389
0.03,0.05,4,1,0.9613232275343748,0.9613232275343748,0.9801125072589717,0.281707063004181,1455
0.1,0.05,1,5,0.9424758444575659,0.9424758444575659,0.9540719068390521,0.35313634044053815,702
0.3,0.2,2,7,0.44953855176607355,0.44953855176607355,0.8216874974417594,0.9269993056145509,389
0.1,0.2,4,6,0.0988826231271437,0.0988826231271437,0.6153129260989004,1.8482027939381183,515
0.1,0.02,2,3,0.995110517697277,0.995110517697277,0.9955201388817029,0.1068638885573675,2084
0.003,0.2,2,8,-0.030397320056034634,0.07776464211692326,-0.030397320056034634,42.79450621105739,389
0.3,0.05,1,5,0.9505629121847765,0.9505629121847765,0.954838618739962,0.3355005803814982,702
0.3,0.1,4,7,0.781166351198612,0.781166351198612,0.9214140869450734,0.6249448419898218,830
0.3,0.2,4,6,0.23168427337418662,0.23168427337418662,0.6939298340834851,1.0830546286738618,515
0.01,0.2,2,8,0.05336272640446155,0.08771820096416047,0.05336272640446155,12.806863168308645,389
0.003,0.05,1,6,0.17155512251795468,0.17155512251795468,0.6061022962711686,2.7437493639527752,702
0.003,0.2,4,7,-0.037851912981312325,-0.037851912981312325,0.016681277667235508,60.600531078469025,515
0.03,0.2,2,8,0.11579586583826249,0.11579586583826249,0.26278685523544465,4.297678379514405,389
0.1,0.05,4,1,0.975844159994697,0.975844159994697,0.981441888255895,0.2353042517255431,1455
0.03,0.01,1,6,0.945509979784699,0.9720359976943242,0.945509979784699,0.24541830755663013,2714
0.1,0.2,2,8,0.2053218671943538,0.2053218671943538,0.511425875990324,1.5054493063185845,389
0.01,0.2,4,7,-0.02499930600867379,-0.02499930600867379,0.16427740960807977,18.196471390204987,515
0.01,0.05,1,6,0.4399123547547646,0.4399123547547646,0.769240263648594,1.098234131391408,702
0.3,0.2,2,8,0.350218513009288,0.350218513009288,0.5615763015220244,0.9722627172110229,389
0.03,0.2,4,7,0.011861110380987108,0.011861110380987108,0.4872488483810964,6.111618446090049,515
0.003,0.1,1,1,0.032920723364189865,0.032920723364189865,0.15456603133978417,26.72918207202334,452
0.03,0.05,1,6,0.6180180873640656,0.6180180873640656,0.7986801573460914,0.7997309336902834,702
0.3,0.02,2,3,0.9951250962496633,0.9951250962496633,0.9952641679849918,0.10618452179492094,2084
0.003,0.1,4,8,-0.013337886875815991,0.07861195394506572,-0.013337886875815991,37.4505943468314,830
0.1,0.2,4,7,0.13770729107491336,0.13770729107491336,0.7719875502850451,1.982865841426745,515
0.3,0.05,4,1,0.9774313972151174,0.9774313972151174,0.9815471992265054,0.22975059393292502,1455
0.01,0.1,1,1,0.09312246699654109,0.09312246699654109,0.4215052115663469,8.05104622983,452
0.1,0.05,1,6,0.657180158830666,0.657180158830666,0.8044668497054105,0.7563214497086208,702
0.3,0.2,4,7,0.39499380634147785,0.39499380634147785,0.8195992307576401,0.9960602264286221,515
0.03,0.1,1,1,0.25461821853054195,0.25461821853054195,0.7629263874707266,2.7349203949297474,452
0.01,0.1,4,8,0.1002875228429058,0.1002875228429058,0.10975427644165839,11.20564127661072,830
0.1,0.01,2,8,0.962063812014638,0.9851795705619227,0.962063812014638,0.18641944529329896,3971
0.003,0.2,4,8,-0.03708528992422477,0.07397692490258297,-0.03708528992422477,53.469523170817226,515
0.1,0.1,1,1,0.6200790877937831,0.6200790877937831,0.9069074138418071,0.938148793805957,452
0.3,0.05,1,6,0.6591376489735079,0.6591376489735079,0.8051629069839044,0.7541161005786532,702
0.1,0.01,1,6,0.9435945207038444,0.9718519060472082,0.9435945207038444,0.24596786648680294,2714
0.3,0.1,1,1,0.8504804055841908,0.8504804055841908,0.9276243169955269,0.5268894642102223,452
0.01,0.2,4,8,0.031048953866790636,0.08194545588650826,0.031048953866790636,16.006091612974657,515
0.003,0.05,4,2,0.46470938917508714,0.46470938917508714,0.8487342151797481,1.4892625899546859,1455
0.003,0.05,1,7,0.3062666928543334,0.3062666928543334,0.8475384236821365,3.00970029549952,702
0.03,0.1,4,8,0.1609224773455896,0.1609224773455896,0.3833168329743384,3.758351758363692,830
0.003,0.02,2,4,0.9508960880154199,0.9508960880154199,0.9576148586756718,0.30996258106030605,2084
0.003,0.1,1,2,0.021843504325522737,0.021843504325522737,0.083658377617505,25.45525161270625,452
0.03,0.2,4,8,0.10450767794026891,0.10450767794026891,0.20915003819058103,5.34927601078475,515
0.01,0.01,4,3,0.9874599617655421,0.9874599617655421,0.998039905527405,0.1585513014948928,6485
0.01,0.05,1,7,0.6852158237212265,0.6852158237212265,0.959069331880275,0.9408636163976107,702
0.1,0.2,4,8,0.1786624990179129,0.1786624990179129,0.4787551502277083,1.7744850064978908,515
0.1,0.1,4,8,0.33965683906524163,0.33965683906524163,0.6063103102585654,1.3149120125099483,830
0.01,0.1,1,2,0.07404767023061798,0.07404767023061798,0.2929314406984681,7.644083313710909,452
0.03,0.05,1,7,0.9188056261254468,0.9188056261254468,0.9727570998662375,0.3951082157761218,702
0.3,0.2,4,8,0.319801079695851,0.319801079695851,0.5552386559502239,1.0166543104070669,515
0.03,0.1,1,2,0.21733670097184093,0.21733670097184093,0.6518853706228648,2.594520526413918,452
0.3,0.1,4,8,0.5461445344759862,0.5461445344759862,0.6359151225060368,0.849498620252507,830
0.003,0.1,2,1,0.02769993754413526,0.02769993754413526,0.12794173390954072,33.43079016462848,578
0.1,0.05,1,7,0.9699592492421419,0.9699592492421419,0.9747540277322349,0.26392081320998356,702
0.01,0.02,2,4,0.9613608614336752,0.9850122159300853,0.9613608614336752,0.1806098828607239,2084
0.1,0.1,1,2,0.5614034555182789,0.5614034555182789,0.8442601587730184,0.9445053449406019,452
0.3,0.01,1,6,0.9235103292302861,0.9631508561688988,0.9235103292302861,0.2747747868983293,2714
0.01,0.05,4,2,0.8294470376526797,0.8294470376526797,0.9350904557681103,0.5679387681930055,1455
0.01,0.1,2,1,0.07598086154478115,0.07598086154478115,0.3541790627550818,10.059203746850647,578
0.3,0.05,1,7,0.9749319629286727,0.9758551845934902,0.9749319629286727,0.2471860391409116,702
0.3,0.1,1,2,0.7819771871081974,0.7819771871081974,0.8651220968637917,0.6255238611064263,452
0.003,0.05,2,1,0.456692642726511,0.456692642726511,0.9189348671311816,1.6751079677211171,953
0.03,0.1,2,1,0.20810468949079478,0.20810468949079478,0.7047565398927486,3.3982819127085953,578
0.3,0.01,2,8,0.9314732850669408,0.9823541903316411,0.9314732850669408,0.19613685987436105,3971
0.003,0.05,1,8,0.11568016997047702,0.11568016997047702,0.5535171041889176,2.797021638971558,702
0.1,0.1,2,1,0.5461775443536249,0.5461775443536249,0.8955565072530499,1.120282757423752,578
0.01,0.05,2,1,0.8565223958486811,0.8565223958486811,0.9782048978746993,0.5383138858418183,953
0.003,0.1,1,3,0.012016959145726275,0.057806968825749254,0.012016959145726275,26.211604775879692,452
0.01,0.05,1,8,0.43181331050689115,0.43181331050689115,0.6925774297199241,1.0982195835938962,702
0.3,0.1,2,1,0.8238282608093582,0.8238282608093582,0.925774890126501,0.5675611159460366,578
0.03,0.02,2,4,0.9617937554062402,0.988610298791824,0.9617937554062402,0.16193732111489248,2084
0.03,0.05,1,8,0.6630193506349997,0.6630193506349997,0.7166564843566942,0.7536723671642003,702
0.003,0.01,1,7,0.9512077616457332,0.9512077616457332,0.9973540721486803,0.31534826195655596,2714
0.003,0.1,2,2,0.017335905117626768,0.017335905117626768,0.06454391762239593,31.847482146854368,578
0.01,0.1,1,3,0.11476686206446626,0.11476686206446626,0.2634430348071336,7.848272307045716,452
0.03,0.05,4,2,0.9217127199087833,0.9217127199087833,0.9438614728941616,0.3967768898926703,1455
0.1,0.05,1,8,0.72061762546211,0.7237128917303046,0.72061762546211,0.690356280104556,702
0.03,0.05,2,1,0.9639801696624875,0.9639801696624875,0.9822488306397021,0.2741590266805921,953
0.01,0.1,2,2,0.05910657830924977,0.05910657830924977,0.2361583790861768,9.557958198304396,578
0.3,0.05,1,8,0.7138441582438513,0.7313426098858037,0.7138441582438513,0.6826581786817881,702
0.03,0.1,2,2,0.1755223993673495,0.1755223993673495,0.5797860579752533,3.22098238870744,578
0.03,0.1,1,3,0.26926777969370297,0.26926777969370297,0.6912765419537125,2.6321232176036404,452
0.1,0.02,2,4,0.9617435299443131,0.9891394937287794,0.9617435299443131,0.1589328255308906,2084
0.003,0.2,8,1,0.011288452325614665,0.011288452325614665,0.051516798058487086,93.46995156063987,767
0.1,0.05,4,2,0.933773544097777,0.933773544097777,0.9447923661629745,0.373339838799626,1455
0.03,0.01,4,3,0.9976086390329141,0.9976086390329141,0.9988217433344734,0.07126806729401802,6485
0.1,0.1,1,3,0.6230671537331446,0.6230671537331446,0.8910421658972606,0.9043674273564091,452
0.01,0.01,1,7,0.9949526455908823,0.9949526455908823,0.9988034100042669,0.10326697109687455,2714
0.01,0.2,8,1,0.021582401760500667,0.021582401760500667,0.12678527044620122,28.073396683501198,767
0.01,0.01,8,6,0.9442430453782342,0.948614921870375,0.9442430453782342,0.31762000449550437,11513
0.1,0.1,2,2,0.4898143401276305,0.4898143401276305,0.8300344047337965,1.1024522515157993,578
0.1,0.05,2,1,0.9773643414904283,0.9773643414904283,0.982124985525253,0.23031875560546342,953
0.003,0.005,1,1,0.9970816780916357,0.9970816780916357,0.9982562031750634,0.07768817006339586,5226
0.03,0.2,8,1,0.05079662643245919,0.05079662643245919,0.31824295216226406,9.405220628387363,767
0.3,0.02,2,4,0.9603493131074679,0.9891598612714737,0.9603493131074679,0.1583643435843266,2084
0.3,0.05,4,2,0.9339955829624379,0.9339955829624379,0.9443633190990728,0.37305461804122453,1455
0.3,0.1,1,3,0.8301960351832068,0.8301960351832068,0.9097051253527388,0.5591986746822176,452
0.3,0.1,2,2,0.7578185264129526,0.7578185264129526,0.8640390898612101,0.6525352605397354,578
0.3,0.05,2,1,0.9779919966083102,0.9779919966083102,0.98178066076201,0.22785456069586246,953
0.1,0.2,8,1,0.14901805069695045,0.14901805069695045,0.6568454960905091,2.926693838106222,767
0.003,0.1,1,4,0.03573277096803593,0.03573277096803593,0.1525874756485998,25.473352140826268,452
0.003,0.1,2,3,-0.01038628132631942,0.05288276375134315,-0.01038628132631942,32.80123937701919,578
0.3,0.2,8,1,0.3692974526932286,0.3692974526932286,0.8003746512044959,1.2052871870636386,767
0.003,0.05,2,2,0.42931684106661616,0.42931684106661616,0.8291090759604767,1.6441729699410466,953
0.003,0.05,4,3,0.5111124690285543,0.5111124690285543,0.8912693326026354,1.4989870598402397,1455
0.03,0.01,1,7,0.9988788590233765,0.9988788590233765,0.9989141069665971,0.055098476659057226,2714
0.01,0.1,2,3,0.09849819769750584,0.09849819769750584,0.19436271193692314,9.82220190704068,578
0.003,0.02,2,5,0.9579527795793026,0.9579527795793026,0.9881888324946151,0.2873811185425603,2084
0.03,0.1,2,3,0.22450941540621505,0.22450941540621505,0.608834342388443,3.2810440300018704,578
0.003,0.2,8,2,0.0029367664482468844,0.0029367664482468844,0.009913934874381287,89.09798238062902,767
0.01,0.05,2,2,0.8071775772036045,0.8071775772036045,0.9322138738106787,0.6093482701803549,953
0.1,0.1,2,3,0.551976242887302,0.551976242887302,0.8775452714343975,1.072960763571501,578
0.01,0.2,8,2,0.011186990122664407,0.011186990122664407,0.06054861312042178,26.716080489028712,767
0.01,0.05,4,3,0.8676940379918309,0.8676940379918309,0.9685252278437341,0.510685610130445,1455
0.03,0.05,2,2,0.9170763308217615,0.9170763308217615,0.9434533800199852,0.4056432656233571,953
0.3,0.1,2,3,0.8087370312797777,0.8087370312797777,0.9086234800549673,0.5882382892081929,578
0.03,0.2,8,2,0.03478792132351322,0.03478792132351322,0.20103032809697932,8.914063285864904,767
0.01,0.02,2,5,0.9893934923554545,0.9893934923554545,0.9906845875705421,0.15456496880693257,2084
0.1,0.01,1,7,0.9989163955577498,0.9992597415625263,0.9989163955577498,0.04766025804875245,2714
0.1,0.05,2,2,0.9329699646550915,0.9329699646550915,0.9447386848014826,0.37491652497960937,953
0.1,0.2,8,2,0.11643361735244814,0.11643361735244814,0.5352023968032116,2.7574560619006436,767
0.03,0.05,4,3,0.954924606966724,0.954924606966724,0.9741846188056738,0.3054008978718914,1455
0.003,0.1,2,4,0.03137176715370825,0.03137176715370825,0.13085717049908227,31.873113115121157,578
0.3,0.05,2,2,0.9338095189891105,0.9338095189891105,0.9443665587035937,0.3734336543231834,953
0.3,0.2,8,2,0.31406053590750854,0.31406053590750854,0.7271889794473793,1.1713318707940488,767
0.1,0.01,4,3,0.9987485374105016,0.9987485374105016,0.9988630532370416,0.05386952723774254,6485
0.03,0.02,2,5,0.9910501886423028,0.9927554625656148,0.9910501886423028,0.13335471577568542,2084
0.1,0.05,4,3,0.965626482491426,0.965626482491426,0.9742258226031125,0.27696283761502705,1455
0.003,0.2,8,3,-0.07313741305673901,0.037136297675288484,-0.07313741305673901,91.80649276844348,767
0.003,0.05,2,3,0.42440973706330615,0.42440973706330615,0.8701276819465211,1.6869179887024643,953
0.3,0.01,1,7,0.998893563807671,0.9992607684742653,0.998893563807671,0.04698887734600535,2714
0.01,0.1,2,4,0.07167431032682478,0.07167431032682478,0.31443079650991784,9.560950402604242,578
0.01,0.2,8,3,-0.01347034287445137,0.04617080133464589,-0.01347034287445137,27.502072563740327,767
0.01,0.005,1,1,0.999558040918144,0.999558040918144,0.9996814716659503,0.03371568809721955,5226
0.01,0.05,2,3,0.8298745116632397,0.8298745116632397,0.9598339982590637,0.5809348569045226,953
0.3,0.05,4,3,0.9660631521634749,0.9660631521634749,0.9735592163984286,0.2760442029265754,1455
0.03,0.2,8,3,0.0719756881348543,0.0719756881348543,0.15586780649713028,9.150521110063643,767
0.03,0.05,2,3,0.9461095409528119,0.9461095409528119,0.9715419254340284,0.3304717357939715,953
0.03,0.1,2,4,0.1834249611514943,0.1834249611514943,0.5940327967863831,3.225072778385241,578
0.1,0.2,8,3,0.16026653324994153,0.16026653324994153,0.5495578390354334,2.8018647523347133,767
0.1,0.05,2,3,0.963622816938678,0.963622816938678,0.9734819869051112,0.28366824985829076,953
0.003,0.05,4,4,0.4751772263498449,0.4751772263498449,0.8033985071574885,1.4776570829307418,1455
0.3,0.2,8,3,0.3614686458419224,0.3614686458419224,0.7461916820408339,1.1677414521437246,767
0.003,0.01,1,8,0.9488484442152235,0.9488484442152235,0.9635058563164933,0.3166335125311723,2714
0.1,0.02,2,5,0.9911579291060187,0.9933123950308211,0.9911579291060187,0.12942639976139003,2084
0.1,0.1,2,4,0.4769860782797347,0.4769860782797347,0.733789568586412,1.1291588227404803,578
0.3,0.05,2,3,0.9654671899723092,0.9654671899723092,0.9733162599296821,0.2781375327126491,953
0.003,0.2,8,4,0.01720354700569606,0.01720354700569606,0.06814449503209005,89.2105683761029,767
0.01,0.05,4,4,0.830508315005463,0.830508315005463,0.8504943629022775,0.5666620083990366,1455
0.01,0.2,8,4,0.024555709094256892,0.024555709094256892,0.12770678796241583,26.758279302734252,767
0.3,0.1,2,4,0.710698064809579,0.710698064809579,0.7504535918648041,0.7072074602446271,578
0.003,0.05,2,4,0.4127742432191275,0.4127742432191275,0.7728191004749974,1.6686506390634046,953
0.003,0.1,2,5,0.03779063602889102,0.03779063602889102,0.05011125708571537,30.334060496025398,578
0.03,0.2,8,4,0.04552468300238086,0.04552468300238086,0.27913099551046305,8.9398356606322,767
0.3,0.02,2,5,0.9913051590851559,0.9934050491447595,0.9913051590851559,0.1284171283816783,2084
0.01,0.05,2,4,0.7910472749222149,0.7910472749222149,0.8442338559792956,0.6359881445323762,953
0.01,0.01,1,8,0.9647004501818193,0.9827297357874965,0.9647004501818193,0.19566994096508938,2714
0.01,0.1,2,5,0.0816827252617433,0.0816827252617433,0.348383646168506,9.07851782500015,578
0.03,0.005,1,1,0.9997846520541578,0.9997846520541578,0.9998016451466455,0.02598343192933963,5226
0.03,0.05,4,4,0.8541448514069938,0.9159053263117095,0.8541448514069938,0.40818698953805743,1455
0.1,0.2,8,4,0.11704765788348494,0.11704765788348494,0.5494341687887035,2.7888508965458083,767
0.03,0.1,2,5,0.20395781016226894,0.20395781016226894,0.7442342068027288,3.0395727886611983,578
0.03,0.05,2,4,0.8524307880212246,0.9044234254541221,0.8524307880212246,0.4304143428259582,953
0.3,0.01,4,3,0.9987307570402928,0.9988167637572805,0.9987307570402928,0.052213705533424554,6485
0.3,0.2,8,4,0.281847973922692,0.281847973922692,0.6634552650284038,1.2237825202943722,767
0.1,0.1,2,5,0.5259587043946273,0.5259587043946273,0.8853092616839778,1.0364895643321417,578
0.1,0.05,2,4,0.8535397327186127,0.9225339840208849,0.8535397327186127,0.39621270714705376,953
0.3,0.1,2,5,0.7730741448708407,0.7730741448708407,0.9000300544541769,0.6350091810666282,578
0.1,0.05,4,4,0.8539920214092692,0.9254497737154097,0.8539920214092692,0.39032829143523196,1455
0.003,0.02,2,6,0.8632205292824948,0.8632205292824948,0.8729378227621194,0.5052065029110537,2084
0.003,0.2,8,5,-0.04758117023039193,0.02357742067933297,-0.04758117023039193,85.007590742744,767
0.003,0.1,2,6,0.011210556639780274,0.011210556639780274,0.021310045607052616,26.68020547109,578
0.03,0.01,1,8,0.9641509960635593,0.9852358783682709,0.9641509960635593,0.18607874063234447,2714
0.3,0.05,2,4,0.8517273253366946,0.9239281702349145,0.8517273253366946,0.39360594037512103,953
0.01,0.2,8,5,0.03133221688415029,0.03133221688415029,0.06218018946216152,25.475178882486553,767
0.01,0.1,2,6,0.03851383592955147,0.03851383592955147,0.21919991228320157,8.03371063879764,578
0.3,0.05,4,4,0.8518422595153091,0.9248359943161084,0.8518422595153091,0.39174322065279726,1455
0.03,0.1,2,6,0.1144600625266493,0.1144600625266493,0.5623448456755122,2.787418263076335,578
0.03,0.2,8,5,0.05349164645436584,0.05349164645436584,0.3404307802592251,8.492678195209194,767
0.003,0.05,2,5,0.4265614180650493,0.4265614180650493,0.8949173333136857,1.5996363145564216,953
0.01,0.02,2,6,0.8756922946000825,0.8889650354821301,0.8756922946000825,0.46279453038966817,2084
0.1,0.1,2,6,0.31507621985107315,0.31507621985107315,0.7404276947661476,1.16497188088288,578
0.1,0.2,8,5,0.129374307347496,0.129374307347496,0.7221021116527382,2.6408348561241635,767
0.3,0.1,2,6,0.47539846263660096,0.47539846263660096,0.7610348409076255,0.8983150960880516,578
0.03,0.01,8,6,0.9454000007497507,0.9697033493561126,0.9454000007497507,0.25325102029305085,11513
0.003,0.05,4,5,0.506758348761923,0.506758348761923,0.9173604829660972,1.387764281942566,1455
0.3,0.2,8,5,0.3018422580245763,0.3018422580245763,0.8230917161418023,1.1760603130050242,767
0.1,0.01,1,8,0.9619870580497357,0.9851612538260243,0.9619870580497357,0.18653220981015153,2714
0.1,0.005,1,1,0.999811803829962,0.9998129635158551,0.999811803829962,0.025065361602872534,5226
0.003,0.1,2,7,-0.0220206773231756,-0.0220206773231756,0.10629961113134682,30.3068425102005,578
0.003,0.2,8,6,-0.03519700026181077,0.002212955795492004,-0.03519700026181077,74.61900810605006,767
0.01,0.1,2,7,0.027931084660613868,0.027931084660613868,0.42016896810789733,9.09395359196281,578
0.03,0.02,2,6,0.8760579488173191,0.8911435917527623,0.8760579488173191,0.4592177031342701,2084
0.01,0.05,4,5,0.8657831269524728,0.8657831269524728,0.9529529302464624,0.5029030368404381,1455
0.01,0.2,8,6,0.007343203629718632,0.007343203629718632,0.03174635312093213,22.39356814500285,767
0.01,0.05,2,5,0.8142085143036986,0.8142085143036986,0.9461955221983251,0.5960290074260914,953
0.3,0.01,1,8,0.9314460842785217,0.982345760475611,0.9314460842785217,0.19617857044401288,2714
0.003,0.01,4,4,0.8915160412622076,0.8915160412622076,0.9782104014368834,0.49411849251440765,6485
0.03,0.05,4,5,0.9455565661820033,0.9455565661820033,0.9552018823058673,0.34501933675963675,1455
0.1,0.02,2,6,0.8751963925100258,0.8902505710228312,0.8751963925100258,0.46079162504261884,2084
0.03,0.2,8,6,0.021983154987008778,0.021983154987008778,0.21243340911218228,7.508081730108541,767
0.03,0.05,2,5,0.9291385939219186,0.9291385939219186,0.9531408858124623,0.3806401607129579,953
0.1,0.05,4,5,0.9532922497893404,0.9532922497893404,0.9551540527353084,0.3290977173024464,1455
0.3,0.005,1,1,0.9997848586941037,0.9997848586941037,0.9997917837590058,0.025629884099352,5226
0.3,0.02,2,6,0.8668217961012967,0.8808166889642474,0.8668217961012967,0.4770058724707982,2084
0.1,0.2,8,6,0.07206768103516123,0.07206768103516123,0.5519039979106612,2.4185053227474813,767
0.3,0.05,4,5,0.9532355132723517,0.9532355132723517,0.9551811901264565,0.32929667130025975,1455
0.003,0.02,4,1,0.9739689166841707,0.9739689166841707,0.9953312805222284,0.2274423708577117,3340
0.1,0.05,2,5,0.9488283723807637,0.9488283723807637,0.9545644315276716,0.33941679072925995,953
0.3,0.05,2,5,0.9517914670893676,0.9517914670893676,0.9549825016225525,0.332674968987267,953
0.3,0.2,8,6,0.1872009269170838,0.1872009269170838,0.6833749076323401,1.199664170177855,767
0.003,0.02,2,7,0.964234256644615,0.964234256644615,0.99408813172262,0.26703178014699475,2084
0.003,0.05,4,6,0.33829307208700754,0.33829307208700754,0.7493162990776164,1.4160493380910177,1455
0.003,0.05,2,6,0.30858088722581134,0.30858088722581134,0.7221993458712791,1.5446333748825756,953
0.003,0.2,8,7,-0.039422481815331374,-0.039422481815331374,-0.0016794400268091345,84.81668358280744,767
0.01,0.2,8,7,-0.030249726359865184,-0.030249726359865184,0.10512030313614776,25.45678374621451,767
0.01,0.05,2,6,0.572685824709831,0.572685824709831,0.7917566318986836,0.8576399809983037,953
0.01,0.05,4,6,0.5941769028625898,0.5941769028625898,0.8011294992029648,0.8292116573764373,1455
0.01,0.02,2,7,0.9932159116622646,0.9932159116622646,0.995472080357923,0.12333347305437255,2084
0.01,0.01,4,4,0.9868657467232645,0.9868657467232645,0.9886104445141899,0.16217656109401996,6485
0.03,0.2,8,7,-0.003946258815980985,-0.003946258815980985,0.37150261035878324,8.518871737111086,767
0.01,0.02,4,1,0.9944632892121973,0.9944632892121973,0.9969335830159383,0.11003932971339743,3340
0.03,0.05,2,6,0.6490061775934343,0.6490061775934343,0.8025441367262534,0.7649462982442525,953
0.1,0.2,8,7,0.08750523295412715,0.08750523295412715,0.7262529269239595,2.6650496315194983,767
0.03,0.05,4,6,0.6549397274278483,0.6549397274278483,0.8053703189348693,0.7586899586585663,1455
0.1,0.05,2,6,0.66061220148831,0.66061220148831,0.8049272349177177,0.7527702563605249,953
0.3,0.2,8,7,0.3068429553469602,0.3068429553469602,0.8137688170917907,1.1596751972289123,767
0.3,0.05,2,6,0.659547094604053,0.659547094604053,0.805038996541623,0.7536965376008862,953
0.003,0.2,8,8,-0.04557933442440956,0.07137546470122057,-0.04557933442440956,74.81022284548357,767
0.1,0.05,4,6,0.6619640841362783,0.6619640841362783,0.805594132292794,0.7513880119940276,1455
0.003,0.005,1,2,0.9965107697792013,0.9968035359898387,0.9965107697792013,0.08091421379104256,5226
0.1,0.01,8,6,0.9436001883638323,0.9715959608497279,0.9436001883638323,0.24684640457481405,11513
0.003,0.05,2,7,0.5046825865625593,0.5046825865625593,0.9326815789779233,1.5515375069263682,953
0.01,0.2,8,8,0.0034733212072451778,0.07707544041041776,0.0034733212072451778,22.403023237150148,767
0.03,0.02,4,1,0.9964742173158994,0.9964742173158994,0.9971648809171996,0.09162864048641646,3340
0.01,0.05,2,7,0.8604599119454308,0.8604599119454308,0.9701069296587516,0.5280062348610904,953
0.3,0.05,4,6,0.6599318792433174,0.6599318792433174,0.8051348748169438,0.7533146564668531,1455
0.03,0.02,2,7,0.995648447785415,0.9962379813165373,0.995648447785415,0.09934310034615042,2084
0.03,0.2,8,8,0.09327303963583403,0.09327303963583403,0.13833498215020693,7.463113488161585,767
0.1,0.2,8,8,0.1479986169706933,0.1479986169706933,0.4169384706684673,2.3490883706353114,767
0.03,0.05,2,7,0.9591789054209328,0.9591789054209328,0.9742962563188696,0.29372678298973015,953
0.3,0.2,8,8,0.27141619401794026,0.27141619401794026,0.5425749928486888,1.1292339426583564,767
0.003,0.05,4,7,0.49504901828496994,0.49504901828496994,0.9460160558875086,1.38575481717844,1455
0.1,0.05,2,7,0.974804853226685,0.974804853226685,0.9749720298350885,0.2501874083118537,953
0.003,0.1,4,1,0.021742646109948693,0.021742646109948693,0.09708436301050291,46.8403888093443,830
0.03,0.01,4,4,0.9894065356599021,0.9965252428253596,0.9894065356599021,0.08870496667071959,6485
0.3,0.05,2,7,0.9749789035241823,0.9766296503896215,0.9749789035241823,0.24507226269988025,953
0.1,0.02,4,1,0.9967378912833454,0.9967378912833454,0.997218567848867,0.08888828838986224,3340
0.01,0.05,4,7,0.8846432777931482,0.8846432777931482,0.9732769265015877,0.4685632500833008,1455
0.01,0.1,4,1,0.05630207909357736,0.05630207909357736,0.26797758396050725,14.079548156661238,830
0.01,0.005,1,2,0.9988887082955445,0.9991381910171765,0.9988887082955445,0.04462671781372725,5226
0.003,0.05,2,8,0.2664098707453184,0.2664098707453184,0.6432739846434173,1.578599180940683,953
0.1,0.02,2,7,0.9956742748071147,0.9966834148240823,0.9956742748071147,0.09544909227021725,2084
0.03,0.1,4,1,0.15265722662041523,0.15265722662041523,0.5999255922648998,4.731427106055264,830
0.01,0.05,2,8,0.5972168014408499,0.5972168014408499,0.7078801927118772,0.8297219382816203,953
0.03,0.05,4,7,0.96792991347789,0.96792991347789,0.9751985367973548,0.2736647931230886,1455
0.1,0.1,4,1,0.4334350948714089,0.4334350948714089,0.8684628149011346,1.4992828296960203,830
0.3,0.1,4,1,0.7648688469161034,0.7648688469161034,0.9213429387685804,0.6618224489453097,830
0.3,0.02,2,7,0.9956314239174022,0.996727506908969,0.9956314239174022,0.09464298421783508,2084
0.1,0.05,4,7,0.975222708511418,0.9770707260298578,0.975222708511418,0.24505126766487456,1455
0.003,0.1,4,2,0.012197288724219825,0.012197288724219825,0.042699989199272675,44.63879282670965,830
0.3,0.02,4,1,0.9967224100785567,0.9967224100785567,0.9971940580095963,0.08857040198410004,3340
0.03,0.05,2,8,0.7082003690279718,0.7082003690279718,0.7190129095115312,0.7060758013728113,953
0.01,0.1,4,2,0.04202709860043652,0.04202709860043652,0.1678175158971588,13.39087721824423,830
0.3,0.05,4,7,0.9750563617211445,0.9773439782894376,0.9750563617211445,0.24349710099023117,1455
0.003,0.02,2,8,0.8721441848778828,0.888820224574547,0.8721441848778828,0.46058237993224915,2084
0.03,0.1,4,2,0.12626085876469959,0.12626085876469959,0.4624512154104929,4.485395665033406,830
0.1,0.05,2,8,0.7209754745438508,0.7309269333808849,0.7209754745438508,0.6830673785605429,953
0.03,0.005,1,2,0.999096433980582,0.9993192483861593,0.999096433980582,0.040494247020944375,5226
0.3,0.05,2,8,0.7139456326059337,0.7330164781315303,0.7139456326059337,0.6809525559067383,953
0.003,0.05,4,8,0.41355064119866014,0.41355064119866014,0.6735505547632694,1.3389387440152023,1455
0.1,0.01,4,4,0.9894206279621963,0.997531823828153,0.9894206279621963,0.07739465462405902,6485
0.003,0.02,4,2,0.9676273923537579,0.9676273923537579,0.9844663247857329,0.2529782384950443,3340
0.01,0.02,2,8,0.8816491121653394,0.9268036986708911,0.8816491121653394,0.3887700318979707,2084
0.003,0.1,8,1,0.016342822643427336,0.016342822643427336,0.06876194169066084,73.57834548259795,1334
0.01,0.05,4,8,0.679923406072099,0.679923406072099,0.7191147814545792,0.7411622142571832,1455
0.3,0.01,8,6,0.9235123230563578,0.9631052686159094,0.9235123230563578,0.2749193621355131,11513
0.01,0.1,8,1,0.0383916071137548,0.0383916071137548,0.18198305501727646,22.098725629016382,1334
0.03,0.02,2,8,0.8836988528822304,0.9321284904471614,0.8836988528822304,0.37722061627242615,2084
0.03,0.05,4,8,0.722659544863513,0.7360407160898768,0.722659544863513,0.6774293823474747,1455
0.03,0.1,8,1,0.10065276751933801,0.10065276751933801,0.44862382900857345,7.398053007273171,1334
0.1,0.005,1,2,0.999117113528889,0.9993421475873603,0.999117113528889,0.0398476189033707,5226
0.01,0.02,4,2,0.9865539147684134,0.9865539147684134,0.9871488342446172,0.17142102635370857,3340
0.1,0.05,4,8,0.7220352741756603,0.738886470474,0.7220352741756603,0.6748468370809331,1455
0.1,0.02,2,8,0.8815747741792412,0.932975881132463,0.8815747741792412,0.3751493248226546,2084
0.1,0.1,8,1,0.30064443612087927,0.30064443612087927,0.8032064113289086,2.278894687731264,1334
0.3,0.05,4,8,0.7142994984969677,0.7356488322766433,0.7142994984969677,0.6782347916326428,1455
0.3,0.1,8,1,0.6463622918994051,0.6463622918994051,0.9097931338129936,0.8811018002427546,1334
0.3,0.01,4,4,0.9889510553666984,0.9976392887501138,0.9889510553666984,0.07529751645769574,6485
0.3,0.02,2,8,0.8519117324415801,0.928258321647148,0.8519117324415801,0.3850925800775412,2084
0.003,0.02,1,1,0.8823312651711195,0.8823312651711195,0.9910872578755615,0.5121225031386708,1456
0.03,0.02,4,2,0.9875262166810849,0.9882329895896592,0.9875262166810849,0.1624801104153677,3340
0.003,0.1,8,2,0.007545748139836854,0.007545748139836854,0.022901696483536994,70.14464135416364,1334
0.01,0.02,1,1,0.9851281792819344,0.9851281792819344,0.9969994040284518,0.17285024790971332,1456
0.3,0.005,1,2,0.9990837982405183,0.9992725560144381,0.9990837982405183,0.0409732800216704,5226
0.003,0.05,8,1,0.11569849373952192,0.11569849373952192,0.46750084678593473,7.922755464235341,2459
0.01,0.1,8,2,0.0265354180540993,0.0265354180540993,0.10345382863467564,21.038450038095732,1334
0.03,0.02,1,1,0.9956046970964888,0.9956046970964888,0.997315362790732,0.10018227995058512,1456
0.1,0.02,4,2,0.9875085494502741,0.9883411002802232,0.9875085494502741,0.1618743532848118,3340
0.03,0.1,8,2,0.08058389950771713,0.08058389950771713,0.3166049981033194,7.022485378085369,1334
0.1,0.02,1,1,0.9967198896993222,0.9967198896993222,0.9972771828687467,0.08909692447929903,1456
0.01,0.05,8,1,0.3464331604776346,0.3464331604776346,0.846264363446246,2.3967100687828453,2459
0.1,0.1,8,2,0.2591252246401561,0.2591252246401561,0.7046866644053182,2.1661562270267365,1334
0.3,0.02,1,1,0.9967368002250997,0.9967368002250997,0.9972180150076997,0.08841911230612637,1456
0.003,0.01,4,5,0.9028731531434345,0.9028731531434345,0.9919700841095015,0.4673909642422435,6485
0.3,0.1,8,2,0.5869662950778239,0.5869662950778239,0.8480546350404045,0.8963254508244077,1334
0.003,0.005,1,3,0.9970600309687837,0.9970600309687837,0.9973032546747518,0.07754755747021884,5226
0.03,0.05,8,1,0.7261451414474986,0.7261451414474986,0.9596743486195575,0.8364899738200972,2459
0.3,0.02,4,2,0.9866950217854858,0.9877426158986827,0.9866950217854858,0.16513584842079967,3340
0.003,0.02,1,2,0.8765910966445768,0.8765910966445768,0.9769838455112936,0.512940341798358,1456
0.003,0.01,8,7,0.7802860812583026,0.7802860812583026,0.9889564067304737,0.7578371518986047,11513
0.003,0.1,8,3,-0.05865330973247015,0.04217790408664636,-0.05865330973247015,72.27939433307603,1334
0.01,0.02,1,2,0.9764820389446932,0.9764820389446932,0.9871725921440249,0.21804516562696913,1456
0.01,0.1,8,3,0.035350006900659675,0.0629552781308379,0.035350006900659675,21.658883287431745,1334
0.1,0.05,8,1,0.9409535994372397,0.9409535994372397,0.9785668751249028,0.3392327570376707,2459
0.03,0.02,1,2,0.9870354794980831,0.9870354794980831,0.987757272239694,0.16885823734914104,1456
0.003,0.02,4,3,0.9746686128887418,0.9746686128887418,0.994268860060206,0.2240568315130081,3340
0.03,0.1,8,3,0.12189006527332111,0.12189006527332111,0.2923618854104583,7.206843378147487,1334
0.1,0.02,1,2,0.9876061054277817,0.9882179046876455,0.9876061054277817,0.16255676878960457,1456
0.01,0.005,1,3,0.9994636506975754,0.9994636506975754,0.9994864500387058,0.03543509463642984,5226
0.1,0.1,8,3,0.31369206939827116,0.31369206939827116,0.7493480278869287,2.187328555929241,1334
0.3,0.05,8,1,0.9725414304427851,0.9725414304427851,0.980905575785284,0.24626862147564577,2459
0.01,0.01,4,5,0.9890782404871792,0.9890782404871792,0.9974761357212476,0.1481473230211467,6485
0.3,0.02,1,2,0.9867355412152616,0.9877235852085292,0.9867355412152616,0.16522920179892084,1456
0.3,0.1,8,3,0.6481070271943994,0.6481070271943994,0.894096926656529,0.8525274943443791,1334
0.01,0.02,4,3,0.9934360878822135,0.9934360878822135,0.9955966722527565,0.11972875766821317,3340
0.003,0.1,8,4,0.021910793558829744,0.021910793558829744,0.0827452895772479,70.21346298091514,1334
0.003,0.05,8,2,0.10140178558853512,0.10140178558853512,0.33527541005508804,7.545933482155472,2459
0.01,0.1,8,4,0.04025348122936694,0.04025348122936694,0.17464479282907067,21.05226345045992,1334
0.03,0.005,1,3,0.9996596580770448,0.9996596580770448,0.9996766380628411,0.029511870668169092,5226
0.003,0.02,1,3,0.8771941322022364,0.8771941322022364,0.9830249226655442,0.5155843428710138,1456
0.03,0.02,4,3,0.995037873620044,0.995037873620044,0.9956169924445527,0.10714078482406829,3340
0.03,0.1,8,4,0.09236071910631277,0.09236071910631277,0.39069355375225767,7.024066807172142,1334
0.01,0.05,8,2,0.3209861071806538,0.3209861071806538,0.7480074488214735,2.28843544205083,2459
0.01,0.02,1,3,0.9824083771188887,0.9824083771188887,0.9940986054230428,0.18803723466528333,1456
0.1,0.1,8,4,0.26287937766270614,0.26287937766270614,0.668814276990394,2.1752631065722277,1334
0.03,0.02,1,3,0.9935959090778446,0.9935959090778446,0.9953036233549257,0.11964171030750057,1456
0.03,0.01,4,5,0.9976347873498375,0.9976347873498375,0.9978263261548398,0.07411089505614113,6485
0.01,0.01,8,7,0.9735456382047719,0.9735456382047719,0.9981363985137457,0.22985286974078334,11513
0.03,0.05,8,2,0.6923777523500472,0.6923777523500472,0.9156477627296105,0.8367370344691115,2459
0.3,0.1,8,4,0.5636756360643895,0.5636756360643895,0.7421876885127877,0.9322894990462329,1334
0.1,0.02,4,3,0.9951777594053347,0.9951777594053347,0.9955645139748512,0.10605353643277513,3340
0.1,0.02,1,3,0.9949858927072884,0.9949858927072884,0.9954918262621245,0.10795793580777815,1456
0.1,0.005,1,3,0.9996856178346432,0.9996856178346432,0.9996886749680144,0.028455746275846162,5226
0.003,0.1,8,5,-0.032629376485171786,0.029078430876460996,-0.032629376485171786,66.91330738336434,1334
0.3,0.02,1,3,0.9951108218482968,0.9951108218482968,0.995257078971608,0.10638264713880691,1456
0.1,0.05,8,2,0.9028174717429003,0.9028174717429003,0.9421774206235675,0.43264503702674445,2459
0.01,0.1,8,5,0.049013166313913274,0.049013166313913274,0.11476245055216214,20.041267727129895,1334
0.003,0.02,1,4,0.8714311750464586,0.8714311750464586,0.9493229026690678,0.5213261471528305,1456
0.3,0.02,4,3,0.9951453966481681,0.9951453966481681,0.9952788214567806,0.10594712080967204,3340
0.03,0.1,8,5,0.10577673797050412,0.10577673797050412,0.4648560040894564,6.664899251436136,1334
0.01,0.02,1,4,0.9604579089487886,0.9756680457067133,0.9604579089487886,0.22235502064860968,1456
0.3,0.05,8,2,0.9305874778377583,0.9305874778377583,0.9440583624322888,0.37972857582237307,2459
0.1,0.1,8,5,0.29264447786722647,0.29264447786722647,0.826794346829123,2.037032812921436,1334
0.1,0.01,4,5,0.9978253896999039,0.9984783687295863,0.9978253896999039,0.06242672623341172,6485
0.3,0.005,1,3,0.9996225537672647,0.9996575478480397,0.9996225537672647,0.029028929534829124,5226
0.03,0.02,1,4,0.9616446093550343,0.9873793665532298,0.9616446093550343,0.1685534621755428,1456
0.003,0.02,4,4,0.9605899653582619,0.9699891112788276,0.9605899653582619,0.24417124240488122,3340
0.003,0.05,8,3,0.14009812154639836,0.14009812154639836,0.30431480105485204,7.760551090540166,2459
0.1,0.02,1,4,0.9617191927003814,0.9889725848470378,0.9617191927003814,0.1598839307262223,1456
0.3,0.02,1,4,0.9603445568899615,0.9891216775491007,0.9603445568899615,0.15857894972843117,1456
0.01,0.05,8,3,0.36623624281894795,0.36623624281894795,0.7869803309509122,2.3308722195399163,2459
0.003,0.02,1,5,0.8842844443789682,0.8842844443789682,0.9830962429156807,0.4925902068158548,1456
0.01,0.02,4,4,0.9619337140531485,0.9879122994300468,0.9619337140531485,0.16530338399780364,3340
0.003,0.005,1,4,0.9945344498945855,0.9969211982499718,0.9945344498945855,0.08035609600436355,5226
0.01,0.02,1,5,0.980808616315078,0.980808616315078,0.9900324185434584,0.1986947151265028,1456
0.03,0.01,8,7,0.9965693716167481,0.9965693716167481,0.998868540577191,0.08686956329863715,11513
0.3,0.01,4,5,0.997857191569587,0.998487535903695,0.997857191569587,0.0621232224723797,6485
0.03,0.05,8,3,0.7355088860029643,0.7355088860029643,0.9528291120084648,0.8082360720407417,2459
0.03,0.02,1,5,0.9909191787414046,0.9915938966827582,0.9909191787414046,0.14104794853021,1456
0.03,0.02,4,4,0.9619606518188631,0.989260435230981,0.9619606518188631,0.15817556709247907,3340
0.1,0.02,1,5,0.9911250000846005,0.9931443537142445,0.9911250000846005,0.1305978181048369,1456
0.1,0.05,8,3,0.9374375129637887,0.9374375129637887,0.9733250793776524,0.34996940613139743,2459
0.3,0.02,1,5,0.9912952224271557,0.9933730743771866,0.9912952224271557,0.12870156617165548,1456
0.01,0.005,1,4,0.9970137291624858,0.9992003432059904,0.9970137291624858,0.044691105293180745,5226
0.003,0.02,1,6,0.7996458221254016,0.7996458221254016,0.8669054520187204,0.6113800962437537,1456
0.1,0.02,4,4,0.9617907165420315,0.9892982380796568,0.9617907165420315,0.1579601190930417,3340
0.3,0.05,8,3,0.9635045070534141,0.9635045070534141,0.9737833163587601,0.2825264408721708,2459
0.01,0.02,1,6,0.8749402600845025,0.882092486843349,0.8749402600845025,0.47411388709135976,1456
0.003,0.01,4,6,0.8830861586341245,0.8830861586341245,0.9380621855856571,0.48194812184102653,6485
0.03,0.02,1,6,0.8759345260910341,0.8903963351064896,0.8759345260910341,0.4604496687192089,1456
0.003,0.05,8,4,0.11540769190823659,0.11540769190823659,0.4086185537121537,7.536704662894883,2459
0.03,0.005,1,4,0.9972232052285623,0.9993847758170582,0.9972232052285623,0.040155576204718144,5226
0.3,0.02,4,4,0.9603624200478719,0.9892124810273621,0.9603624200478719,0.15805255098197044,3340
0.1,0.02,1,6,0.8751972788320784,0.8901941923370086,0.8751972788320784,0.46087849194598884,1456
0.01,0.05,8,4,0.3333936447184566,0.3333936447184566,0.7410739397061538,2.2754846063632668,2459
0.3,0.02,1,6,0.8668359505842769,0.8808128692142445,0.8668359505842769,0.4770218295780937,1456
0.003,0.02,1,7,0.8965072002775899,0.8965072002775899,0.9909043420947617,0.47888669296256237,1456
0.003,0.02,4,5,0.9760348257528251,0.9760348257528251,0.9908387656852709,0.2189452628579532,3340
0.1,0.01,8,7,0.9989232798146344,0.9990978281299586,0.9989232798146344,0.051143094939127214,11513
0.03,0.05,8,4,0.6984592518868565,0.6984592518868565,0.840686250924251,0.8291791344144627,2459
0.01,0.01,4,6,0.9451257115791737,0.9631926743748565,0.9451257115791737,0.2742681968052716,6485
0.01,0.02,1,7,0.9852950073014582,0.9852950073014582,0.9951158476044187,0.17274401718809768,1456
0.1,0.005,1,4,0.9972447836443268,0.9994232310020652,0.9972447836443268,0.03910781788562123,5226
0.03,0.02,1,7,0.995200065756615,0.995200065756615,0.9955912325543096,0.10804970452960694,1456
0.01,0.02,4,5,0.9912966988139738,0.9922654557040013,0.9912966988139738,0.1360377725105639,3340
0.1,0.05,8,4,0.8533596053738722,0.899065940491712,0.8533596053738722,0.4397132855015557,2459
0.1,0.02,1,7,0.9956639206834922,0.9965522638229917,0.9956639206834922,0.09660026477293603,1456
0.3,0.02,1,7,0.995627142695537,0.9966953705810976,0.995627142695537,0.09487062380571892,1456
0.3,0.05,8,4,0.851946050417632,0.9229503238329815,0.851946050417632,0.3951329128842547,2459
0.3,0.005,1,4,0.9971221560087925,0.999456262803281,0.9971221560087925,0.03729193593272357,5226
0.03,0.02,4,5,0.9912356005657545,0.9934525521129579,0.9912356005657545,0.12825822109032137,3340
0.003,0.02,1,8,0.8123470967690314,0.8123470967690314,0.8626613033987967,0.5908924979353136,1456
0.03,0.01,4,6,0.9454515899626695,0.9714802487145109,0.9454515899626695,0.24726928393933834,6485
0.01,0.02,1,8,0.8798316179567116,0.9166869722272379,0.8798316179567116,0.40868914980548976,1456
0.003,0.05,8,5,0.12858133252982523,0.12858133252982523,0.44783396903210415,7.1720656245285666,2459
0.03,0.02,1,8,0.8831952256596053,0.9303305018023421,0.8831952256596053,0.3810962384045084,1456
0.1,0.02,4,5,0.9912095187631033,0.993489727986838,0.9912095187631033,0.1280591944948077,3340
0.1,0.02,1,8,0.8814349966505023,0.9326136659377798,0.8814349966505023,0.37598146954963635,1456
0.01,0.05,8,5,0.3604602688293051,0.3604602688293051,0.8619116618244912,2.1492586939868183,2459
0.003,0.005,1,5,0.9973672582785903,0.9973672582785903,0.9982078993016068,0.07476351208345101,5226
0.3,0.02,1,8,0.8518637914025716,0.9281470964261056,0.8518637914025716,0.38534645195999134,1456
0.3,0.01,8,7,0.9988979489885016,0.9992527927553063,0.9988979489885016,0.04718784674025316,11513
0.3,0.02,4,5,0.9913231719663813,0.9934719567652347,0.9913231719663813,0.12797885606465623,3340
0.03,0.05,8,5,0.7374933047629648,0.7374933047629648,0.9467100028477127,0.7586980212244127,2459
0.1,0.01,4,6,0.9435911516773544,0.9717847509897019,0.9435911516773544,0.24619230736642486,6485
0.01,0.005,1,5,0.9993368042828802,0.9993917384965585,0.9993368042828802,0.0399311808283601,5226
0.1,0.05,8,5,0.9310524512263857,0.9310524512263857,0.9551496353778505,0.37468685889333286,2459
0.003,0.02,4,6,0.8740234499507097,0.8740234499507097,0.8755906023052148,0.4873776397466836,3340
0.3,0.05,8,5,0.9524985942535744,0.9524985942535744,0.9554113664393633,0.3303713713574133,2459
0.01,0.02,4,6,0.8762901833696045,0.8898259538578946,0.8762901833696045,0.46135448156220465,3340
0.03,0.005,1,5,0.9994279038078145,0.99961727011333,0.9994279038078145,0.033682705833818334,5226
0.3,0.01,4,6,0.923507905546787,0.9631453056100078,0.923507905546787,0.2748027919420568,6485
0.003,0.05,8,6,0.0747100477328125,0.0747100477328125,0.30764214210984053,6.346442257174934,2459
0.01,0.05,8,6,0.2350346830055607,0.2350346830055607,0.68635395581202,2.0262869310863167,2459
0.03,0.02,4,6,0.876218567536443,0.8911463152555916,0.876218567536443,0.45920197032366344,3340
0.003,0.01,8,8,0.8155318486855996,0.8155318486855996,0.9524347193777479,0.6743857409212588,11513
0.1,0.005,1,5,0.9994399274160989,0.9996401507831705,0.9994399274160989,0.032717653259655054,5226
0.03,0.05,8,6,0.5004359999511767,0.5004359999511767,0.7936051326767719,0.9732663339877249,2459
0.1,0.02,4,6,0.875231001386913,0.8902315952398665,0.875231001386913,0.4608077103194509,3340
0.003,0.01,4,7,0.8993525251484407,0.8993525251484407,0.9949117057674971,0.4667465902209944,6485
0.1,0.05,8,6,0.642771635789655,0.642771635789655,0.8054662195430833,0.771676224267345,2459
0.3,0.005,1,5,0.9994447495979544,0.9996143044732639,0.9994447495979544,0.03340190019753683,5226
0.3,0.02,4,6,0.8668265599399781,0.880810955733132,0.8668265599399781,0.4770085640310649,3340
0.3,0.05,8,6,0.6582650266473395,0.6582650266473395,0.8053623425074737,0.7550305902216555,2459
0.003,0.05,8,7,0.0736315427415614,0.0736315427415614,0.5523732078526263,7.167512238614356,2459
0.003,0.02,4,7,0.9794274715185969,0.9794274715185969,0.9952497127079006,0.20368563419467728,3340
0.01,0.01,4,7,0.9896104658652969,0.9896104658652969,0.9986320904736694,0.145053011726363,6485
0.003,0.005,1,6,0.9805886594588561,0.9923542230676239,0.9805886594588561,0.12882365775066035,5226
0.01,0.05,8,7,0.3291937199955909,0.3291937199955909,0.9039572704176508,2.1539688940454784,2459
0.01,0.01,8,8,0.9657044440840696,0.966694755403764,0.9657044440840696,0.2571801719460496,11513
0.01,0.02,4,7,0.9955499771839131,0.9955499771839131,0.9957080999420274,0.10685848491844972,3340
0.03,0.05,8,7,0.7462651367641479,0.7462651367641479,0.9679518579369172,0.7459212540308605,2459
0.01,0.005,1,6,0.9822813318242086,0.9940125530024112,0.9822813318242086,0.11604994529699228,5226
0.03,0.02,4,7,0.9957139101665429,0.996754665785604,0.9957139101665429,0.09535871232785731,3340
0.03,0.01,4,7,0.9983239971569179,0.9983239971569179,0.9989118875375076,0.06433472203810085,6485
0.1,0.05,8,7,0.9520516400160347,0.9520516400160347,0.9749029442804735,0.3167820386804695,2459
0.3,0.05,8,7,0.9751213032860568,0.9754157641330854,0.9751213032860568,0.2506047675077296,2459
0.1,0.02,4,7,0.995695579922468,0.9968171121871379,0.995695579922468,0.09450763070048931,3340
0.03,0.005,1,6,0.982383797680854,0.9940882369092124,0.982383797680854,0.11538707648594815,5226
0.003,0.05,8,8,0.14503125359146074,0.14503125359146074,0.2800713829582301,6.297196813515124,2459
0.1,0.01,4,7,0.9989232662090634,0.9992275065428734,0.9989232662090634,0.048458884317826675,6485
0.3,0.02,4,7,0.9956377224948837,0.9967647886277249,0.9956377224948837,0.09434481788735982,3340
0.01,0.05,8,8,0.3163513376716723,0.3163513376716723,0.6327731783743016,1.9503847935324872,2459
0.03,0.01,8,8,0.9648795381299583,0.9839165442241862,0.9648795381299583,0.19098923759007,11513
0.1,0.005,1,6,0.9812390104618268,0.9938500046791677,0.9812390104618268,0.11670276081001636,5226
0.003,0.02,4,8,0.8824454273453796,0.9207086040115983,0.8824454273453796,0.39813672012792606,3340
0.03,0.05,8,8,0.5922140466556556,0.5922140466556556,0.7174203604447402,0.8785792359745885,2459
0.1,0.05,8,8,0.7232410063978882,0.7292412318634003,0.7232410063978882,0.6842946501545761,2459
0.3,0.01,4,7,0.9988979758162267,0.9992646129024904,0.9988979758162267,0.04700172759659763,6485
0.01,0.02,4,8,0.8845568254423557,0.9337230474243732,0.8845568254423557,0.3731606672108327,3340
0.3,0.005,1,6,0.9591858598461765,0.9884392822357977,0.9591858598461765,0.15276682462247498,5226
0.3,0.05,8,8,0.7149461696453906,0.7380229867566719,0.7149461696453906,0.6756400431951136,2459
0.03,0.02,4,8,0.8846463461457993,0.9341430156946957,0.8846463461457993,0.37250927375304593,3340
0.003,0.01,1,1,0.9419268578492882,0.9419268578492882,0.9959557542575466,0.35178845969205147,2714
0.003,0.005,1,7,0.9975721135531087,0.9975721135531087,0.9987823154313413,0.07198166168391265,5226
0.003,0.01,4,8,0.909301575988882,0.909301575988882,0.9628184812119557,0.4314635144860512,6485
0.1,0.02,4,8,0.8818549208984585,0.9335551814908117,0.8818549208984585,0.3737823072382819,3340
0.01,0.01,1,1,0.9936323560058357,0.9936323560058357,0.9988962052250413,0.11363089384416385,2714
0.1,0.01,8,8,0.9622558977383989,0.9852314001508344,0.9622558977383989,0.18591373539022998,11513
0.03,0.01,1,1,0.998593414140013,0.998593414140013,0.9992244262232243,0.05667473211447051,2714
0.3,0.02,4,8,0.8520085340956967,0.9284690234303776,0.8520085340956967,0.38462446381412696,3340
0.01,0.005,1,7,0.9996437567504611,0.9996437567504611,0.9996473520049675,0.03300732816955358,5226
0.1,0.01,1,1,0.9991715897265051,0.9991715897265051,0.9992820356552085,0.04561228219256417,2714
0.01,0.01,4,8,0.9657915634620045,0.9789682096423409,0.9657915634620045,0.2109021719015377,6485
0.003,0.01,2,1,0.9321033956272372,0.9321033956272372,0.9947567134811193,0.38330461477235067,3971
0.3,0.01,1,1,0.9991902077015724,0.9991902077015724,0.9992696871846284,0.04471079200224454,2714
0.03,0.005,1,7,0.9997178364383147,0.999828186329332,0.9997178364383147,0.02709910431858962,5226
0.003,0.01,1,2,0.9432134858384111,0.9432134858384111,0.9907985209362694,0.3423551824903348,2714
0.01,0.01,2,1,0.9925219948749973,0.9925219948749973,0.9987767334991935,0.1228808239919679,3971
0.01,0.01,1,2,0.9921240029942665,0.9921240029942665,0.99590301417524,0.12680883723713324,2714
0.03,0.01,4,8,0.9646234499921021,0.9850156266187682,0.9646234499921021,0.1866827483898858,6485
0.3,0.01,8,8,0.9315529056648761,0.9824241970654375,0.9315529056648761,0.19575897162654043,11513
0.1,0.005,1,7,0.9997252753024249,0.9998542663575328,0.9997252753024249,0.026069679998032013,5226
0.03,0.01,2,1,0.9984541636356048,0.9984541636356048,0.9992056211574571,0.059057399475744024,3971
0.03,0.01,1,2,0.9964737748925652,0.9967226706814013,0.9964737748925652,0.08553192284983602,2714
0.1,0.01,1,2,0.996548687751889,0.997215554344059,0.996548687751889,0.07976053029165565,2714
0.3,0.005,1,7,0.9997151546261417,0.9998412044931037,0.9997151546261417,0.025969985810975482,5226
0.1,0.01,2,1,0.9991521547333382,0.9991521547333382,0.9992796892555563,0.046003997601011634,3971
0.1,0.01,4,8,0.962145730084363,0.9852073684959919,0.962145730084363,0.18618304165964128,6485
0.3,0.01,1,2,0.9962974367546604,0.9970727836777099,0.9962974367546604,0.08101337287120651,2714
0.003,0.01,1,3,0.9442282511605148,0.9442282511605148,0.9946979768887096,0.345968082859774,2714
0.3,0.01,2,1,0.9991890096169109,0.9991890096169109,0.999267032716151,0.044786371811281186,3971
0.003,0.005,1,8,0.988490390766255,0.9945531193483352,0.988490390766255,0.11146386221152031,5226
0.01,0.01,1,3,0.9936182845748788,0.9936182845748788,0.998532140506795,0.11338928578044437,2714
0.3,0.01,4,8,0.9315061932635895,0.9823804570585808,0.9315061932635895,0.19601105567883242,6485
0.003,0.005,4,1,0.9991488046508799,0.9991488046508799,0.9993047075149144,0.043937120680182525,12765
0.003,0.01,2,2,0.9345423151093611,0.9345423151093611,0.9887152141536305,0.3700564110114764,3971
0.03,0.01,1,3,0.9982776125271736,0.9982776125271736,0.9988393356379109,0.06161948285045652,2714
0.01,0.005,1,8,0.9905871825310314,0.996477807869918,0.9905871825310314,0.09296020552481382,5226
0.1,0.01,1,3,0.9987984589159897,0.9987984589159897,0.9988508950878693,0.05303757550712863,2714
0.01,0.01,2,2,0.9912084455445066,0.9912084455445066,0.9956705748299132,0.13361113665713853,3971
0.3,0.01,1,3,0.998726002592916,0.9988200401161299,0.998726002592916,0.052191521884439186,2714
0.03,0.005,1,8,0.990677104261428,0.996720284420211,0.990677104261428,0.0899699611727235,5226
0.003,0.005,2,1,0.9989111338894089,0.9989111338894089,0.9990712383428741,0.049041051346476495,7739
0.03,0.01,2,2,0.9964343446098554,0.9966236471694512,0.9964343446098554,0.08655444851161408,3971
0.003,0.01,1,4,0.9452033264691717,0.9452033264691717,0.9852211959493044,0.33682597426683186,2714
0.1,0.005,1,8,0.9899862207831197,0.9967771996357953,0.9899862207831197,0.08806777549295201,5226
0.1,0.01,2,2,0.9965419225855756,0.9972093356944834,0.9965419225855756,0.07982345909522412,3971
0.01,0.005,4,1,0.9997635865912179,0.9997703754851258,0.9997635865912179,0.026768793635524923,12765
0.01,0.005,2,1,0.999724483545656,0.999724483545656,0.9997545878154563,0.028391913679688106,7739
0.3,0.01,2,2,0.9962936543461611,0.9970776900796823,0.9962936543461611,0.08100945426302837,3971
0.3,0.005,1,8,0.9709280563395993,0.9940579838587037,0.9709280563395993,0.10945004376059266,5226
0.003,0.01,2,3,0.935639816281806,0.935639816281806,0.9933938940192699,0.3746858248190128,3971
0.003,0.02,8,1,0.6335844450060276,0.6335844450060276,0.9592574205959205,1.1813756143497738,5852
0.03,0.005,2,1,0.9998071543911845,0.9998077232355254,0.9998071543911845,0.025290722895268757,7739
0.01,0.01,2,3,0.9926636406694893,0.9926636406694893,0.9984834255230954,0.12144765102080526,3971
0.03,0.005,4,1,0.999807246190936,0.9998134867016568,0.999807246190936,0.02487504895247878,12765
0.03,0.01,2,3,0.9981845090808305,0.9981845090808305,0.9988512526211714,0.0630729661146366,3971
0.01,0.02,8,1,0.9350901048666923,0.9350901048666923,0.9928762757339644,0.366730421361878,5852
0.1,0.005,2,1,0.9998101487903731,0.9998101487903731,0.9998113211401086,0.024992310458437653,7739
0.1,0.01,2,3,0.9987893884616745,0.9987893884616745,0.998860150575051,0.05307892275387611,3971
0.03,0.02,8,1,0.9889855913388198,0.9889855913388198,0.9965171822868159,0.149841571033553,5852
0.3,0.01,2,3,0.9987276181577922,0.9988232205122587,0.9987276181577922,0.05217002710664193,3971
0.3,0.005,2,1,0.9997845364569498,0.9997845364569498,0.9997900922808625,0.02561340150812983,7739
0.003,0.01,2,4,0.9361091900053506,0.9361091900053506,0.9838299172509876,0.3657846879975251,3971
0.1,0.005,4,1,0.99981156618984,0.9998150256492597,0.99981156618984,0.02486752548747176,12765
0.1,0.02,8,1,0.9959756411679579,0.9959756411679579,0.9970996791816464,0.09647781382167474,5852
0.01,0.01,2,4,0.9890685829168764,0.9918671422245914,0.9890685829168764,0.12907388145327414,3971
0.003,0.005,2,2,0.9978882293076698,0.9985340159538527,0.9978882293076698,0.05637877778846681,7739
0.3,0.02,8,1,0.9966079235289638,0.9966079235289638,0.9971629720802985,0.08966425576939646,5852
0.03,0.01,2,4,0.9894414879075637,0.997046401326803,0.9894414879075637,0.08305695924281489,3971
0.1,0.01,2,4,0.9894185068547445,0.9975687043911629,0.9894185068547445,0.07699781550001204,3971
0.003,0.02,8,2,0.6330487460900566,0.6330487460900566,0.9240039473083216,1.130990964591653,5852
0.01,0.005,2,2,0.9990097206732731,0.9992746368451333,0.9990097206732731,0.04157665902883564,7739
0.3,0.005,4,1,0.9997854011525747,0.9997854011525747,0.9997900137023759,0.025565822094955427,12765
0.3,0.01,2,4,0.9889479520143056,0.9976387614172633,0.9889479520143056,0.07531345909306106,3971
0.003,0.01,2,5,0.943677741190018,0.943677741190018,0.9950038673718679,0.34390699479485093,3971
0.01,0.02,8,2,0.9303913665526545,0.9303913665526545,0.9802612723693294,0.37189917742637685,5852
0.03,0.005,2,2,0.9991088704202622,0.9993364022726694,0.9991088704202622,0.0400646611748889,7739
0.01,0.01,2,5,0.9935515565829652,0.9935515565829652,0.997675595171463,0.11514797480338085,3971
0.03,0.02,8,2,0.9815186410051622,0.9815186410051622,0.9864442464523048,0.1959385542206299,5852
0.03,0.01,2,5,0.9978233089992049,0.9980846672888579,0.9978233089992049,0.06804932737851059,3971
0.003,0.005,4,2,0.9982734596259745,0.998660530230445,0.9982734596259745,0.05420000275732769,12765
0.1,0.005,2,2,0.9991176390133529,0.9993432571493079,0.9991176390133529,0.039785318328754635,7739
0.1,0.01,2,5,0.9978167464957803,0.998511315630985,0.9978167464957803,0.06205768489838737,3971
0.1,0.02,8,2,0.987309587504086,0.9877531217853529,0.987309587504086,0.16508121897902375,5852
0.3,0.01,2,5,0.997853994464755,0.9984847850320444,0.997853994464755,0.06216828295751663,3971
0.3,0.005,2,2,0.9990848045400905,0.9992710493732161,0.9990848045400905,0.040958342133246825,7739
0.3,0.02,8,2,0.9866325603608544,0.9876719809258807,0.9866325603608544,0.16547877959055204,5852
0.003,0.01,2,6,0.9204338431295974,0.9204338431295974,0.942078173876708,0.39234912458840504,3971
0.01,0.005,4,2,0.9990430422668142,0.9992855699489195,0.9990430422668142,0.04135690887390195,12765
0.01,0.01,2,6,0.945465730234255,0.9674595902762878,0.945465730234255,0.2606216017443909,3971
0.003,0.02,8,3,0.6507862482412144,0.6507862482412144,0.943608658952725,1.1549644690193859,5852
0.003,0.005,2,3,0.9985599383787507,0.998872900701589,0.9985599383787507,0.049172269352416365,7739
0.03,0.01,2,6,0.9454817294573136,0.9719663747722488,0.9454817294573136,0.24559835371304323,3971
0.01,0.02,8,3,0.9381580891222316,0.9381580891222316,0.9914964354985143,0.35746140943508375,5852
0.1,0.01,2,6,0.9435898908085356,0.9718406502082845,0.9435898908085356,0.24600282472788618,3971
0.01,0.005,2,3,0.9995957303661266,0.9996225477135867,0.9995957303661266,0.030677892478187196,7739
0.03,0.005,4,2,0.9991076123001785,0.9993427118480991,0.9991076123001785,0.040043989794646934,12765
0.3,0.01,2,6,0.9235069488867834,0.9631535322050248,0.9235069488867834,0.27476805799766246,3971
0.03,0.02,8,3,0.9885185914000971,0.9885185914000971,0.9953520626827856,0.15308494887895807,5852
0.003,0.01,2,7,0.94227390287804,0.94227390287804,0.996929265440278,0.3441278507749859,3971
0.03,0.005,2,3,0.9996752957537378,0.9996752957537378,0.9996848233524821,0.028882334750906246,7739
0.01,0.01,2,7,0.9941367056677193,0.9941367056677193,0.9987895401348268,0.1106849957985094,3971
0.1,0.02,8,3,0.9946709308382234,0.9946709308382234,0.9955998112492924,0.11009764958718492,5852
0.1,0.005,2,3,0.9996847591389264,0.9996847591389264,0.999689868394964,0.028416780127335863,7739
0.1,0.005,4,2,0.9991152419455707,0.9993498907071017,0.9991152419455707,0.039763688959535456,12765
0.3,0.02,8,3,0.995118975113636,0.995118975113636,0.9953019270018489,0.10612620735130099,5852
0.003,0.02,8,4,0.6406046278434929,0.6406046278434929,0.9172589240814453,1.1227247520286285,5852
0.3,0.005,2,3,0.999621848216861,0.9996562599808352,0.999621848216861,0.029020877728840513,7739
0.3,0.005,4,2,0.9990831728823045,0.9992772833030245,0.9990831728823045,0.04094912329459677,12765
0.01,0.02,8,4,0.9337762768282721,0.9337762768282721,0.9583086540040712,0.36239599068600653,5852
0.003,0.005,2,4,0.9958734408625357,0.9986005812887649,0.9958734408625357,0.056385155090271234,7739
0.03,0.02,8,4,0.9617541381915206,0.9833597022113789,0.9617541381915206,0.18787737121899398,5852
0.01,0.005,2,4,0.9971326163295827,0.9993409661279512,0.9971326163295827,0.041306550292561105,7739
0.1,0.02,8,4,0.961832819111077,0.9889741681557501,0.961832819111077,0.15959670499312395,5852
0.003,0.005,4,3,0.9989046342302423,0.9989387094393163,0.9989046342302423,0.0477475988744522,12765
0.03,0.005,2,4,0.9972375443390357,0.9994028624576825,0.9972375443390357,0.0397025719368189,7739
0.3,0.02,8,4,0.9603830834090635,0.9892413223574565,0.9603830834090635,0.15782221744960268,5852
0.003,0.02,8,5,0.6665438995577206,0.6665438995577206,0.9645499963475761,1.065708323781115,5852
0.1,0.005,2,4,0.9972459117481878,0.9994262445612987,0.9972459117481878,0.03901441260146392,7739
0.01,0.005,4,3,0.9996156657097,0.9996265244422387,0.9996156657097,0.030465542942630708,12765
0.01,0.02,8,5,0.9438578408826959,0.9438578408826959,0.9896378770132682,0.3342230786484127,5852
0.3,0.005,2,4,0.9971208865451844,0.9994561653477293,0.9971208865451844,0.037276729920774465,7739
0.03,0.02,8,5,0.9883864763500104,0.9883864763500104,0.9912778705044305,0.15907490129759405,5852
0.03,0.005,4,3,0.9996771483111017,0.9996771483111017,0.9996830822771472,0.028770243428231534,12765
0.003,0.005,2,5,0.9988493988052015,0.9988739357727267,0.9988493988052015,0.05113538356728433,7739
0.1,0.02,8,5,0.9912859281878784,0.9932731520109706,0.9912859281878784,0.12933005353831104,5852
0.01,0.005,2,5,0.9993899439913183,0.999555646490711,0.9993899439913183,0.035356100976345686,7739
0.3,0.02,8,5,0.9913520789154677,0.9935153934121986,0.9913520789154677,0.12754111008096172,5852
0.1,0.005,4,3,0.9996879884645554,0.99968853994663,0.9996879884645554,0.02840597034068469,12765
0.03,0.005,2,5,0.9994363659433202,0.9996336732498821,0.9994363659433202,0.032972273812891015,7739
0.003,0.02,8,6,0.5864673648192952,0.5864673648192952,0.8436369817490581,1.0460211946249862,5852
0.01,0.02,8,6,0.8426593288639872,0.8426593288639872,0.8740905557799197,0.5391814273101795,5852
0.1,0.005,2,5,0.9994417395609553,0.9996478581485341,0.9994417395609553,0.032567373751249296,7739
0.3,0.005,4,3,0.9996223253554395,0.9996548650918731,0.9996223253554395,0.029010766797017862,12765
0.03,0.02,8,6,0.8762017360695021,0.8853204593080319,0.8762017360695021,0.4687938259698826,5852
0.3,0.005,2,5,0.9994456199392246,0.9996159205909718,0.9994456199392246,0.033366227502526616,7739
0.1,0.02,8,6,0.8752932131664637,0.889655670208195,0.8752932131664637,0.4617569979916158,5852
0.003,0.005,2,6,0.9815628922149782,0.9934618625046412,0.9815628922149782,0.12058530445237604,7739
0.003,0.005,4,4,0.9963338483423145,0.9987470356259212,0.9963338483423145,0.05292224536120295,12765
0.3,0.02,8,6,0.8668534450758704,0.8807414659423972,0.8668534450758704,0.477126095496045,5852
0.01,0.005,2,6,0.9823790970364342,0.9940481299856329,0.9823790970364342,0.1157708320994526,7739
0.003,0.02,8,7,0.6474085877193942,0.6474085877193942,0.9770318229952193,1.0639664203173815,5852
0.01,0.02,8,7,0.9457751147991175,0.9457751147991175,0.9943062567295786,0.3276637284905134,5852
0.01,0.005,4,4,0.9971680492836885,0.999366303831394,0.9971680492836885,0.0404589502537461,12765
0.03,0.005,2,6,0.9824010503141591,0.9941043405465835,0.9824010503141591,0.11527067451500854,7739
0.03,0.02,8,7,0.9914613987922473,0.9914613987922473,0.995639417346441,0.13797287817143783,5852
0.1,0.005,2,6,0.9812437707961275,0.9938484040680636,0.9812437707961275,0.11669788235703293,7739
0.1,0.02,8,7,0.9957147440350654,0.9965009880493203,0.9957147440350654,0.09799265917785152,5852
0.03,0.005,4,4,0.9972440949075247,0.9994136998825432,0.9972440949075247,0.0393751978359021,12765
0.3,0.005,2,6,0.9591873228640537,0.9884389388604851,0.9591873228640537,0.15278068295361016,7739
0.3,0.02,8,7,0.9956481973088586,0.9967880406869053,0.9956481973088586,0.0943560520727576,5852
0.003,0.005,2,7,0.9991046779411119,0.9991046779411119,0.9992710936850132,0.046508081836026824,7739
0.003,0.02,8,8,0.6540392975589752,0.6540392975589752,0.8608432051029414,0.9731189730419716,5852
0.1,0.005,4,4,0.9972452987881159,0.9994273018211152,0.9972452987881159,0.03891675499122207,12765
0.01,0.02,8,8,0.8863939353518467,0.8968440302870181,0.8863939353518467,0.44275085717337453,5852
0.01,0.005,2,7,0.9996886992653353,0.9997844930097309,0.9996886992653353,0.02862879520242377,7739
0.03,0.02,8,8,0.8860218989485846,0.9321891502275027,0.8860218989485846,0.3748581545385576,5852
0.03,0.005,2,7,0.9997219802051561,0.9998432942685757,0.9997219802051561,0.026336448161572802,7739
0.3,0.005,4,4,0.9971206962492304,0.999455686047933,0.9971206962492304,0.037240185746099684,12765
0.1,0.02,8,8,0.8823496675854919,0.9341836808849658,0.8823496675854919,0.37206405483734456,5852
0.1,0.005,2,7,0.9997264346784748,0.9998583086577641,0.9997264346784748,0.02600987867957343,7739
0.3,0.02,8,8,0.8521816387083906,0.9288245538858437,0.8521816387083906,0.383790285225314,5852
0.003,0.005,4,5,0.9990192179085466,0.9991439736895752,0.9990192179085466,0.045062880861038344,12765
0.3,0.005,2,7,0.9997162152784005,0.9998423968561854,0.9997162152784005,0.02595190061415481,7739
0.003,0.01,4,1,0.8850086022186876,0.8850086022186876,0.9906272544329217,0.5188888194332854,6485
0.003,0.005,2,8,0.9894960596513612,0.9959833842045112,0.9894960596513612,0.09868409959602838,7739
0.01,0.01,4,1,0.9869423482030882,0.9869423482030882,0.9983474693617206,0.16197880095613357,6485
0.01,0.005,4,5,0.9993967594412237,0.9996306453116907,0.9993967594412237,0.03311823148944772,12765
0.03,0.01,4,1,0.9978064275918243,0.9978064275918243,0.9991430696739653,0.06892034195250464,6485
0.01,0.005,2,8,0.9906367790362856,0.9966283852808766,0.9906367790362856,0.09132881870660399,7739
0.1,0.01,4,1,0.99909401282003,0.99909401282003,0.9992689160808169,0.04732590141702959,6485
0.03,0.005,2,8,0.9906730493077667,0.9967359662347156,0.9906730493077667,0.08971535119525399,7739
0.03,0.005,4,5,0.9994310217872364,0.999655773528798,0.9994310217872364,0.032287021850594996,12765
0.3,0.01,4,1,0.9991823703442307,0.9991823703442307,0.9992635802848107,0.04495743559641761,6485
0.1,0.005,2,8,0.9899766529594052,0.9967818497809057,0.9899766529594052,0.08801313185834919,7739
0.003,0.01,4,2,0.8898053717028002,0.8898053717028002,0.9817196427275399,0.4974243094340451,6485
0.3,0.005,2,8,0.9709252159318317,0.9940605408718531,0.9709252159318317,0.10943994826093843,7739
0.1,0.005,4,5,0.9994396023704948,0.9996537023341836,0.9994396023704948,0.03238467256360218,12765
0.01,0.01,4,2,0.9861042686233454,0.9861042686233454,0.9949090353412317,0.16653379985331598,6485
0.03,0.01,4,2,0.99605919522306,0.99605919522306,0.9963168820961064,0.09258180705927874,6485
0.003,0.01,8,1,0.7618060866502878,0.7618060866502878,0.9794052163872851,0.8403647183724379,11513
0.3,0.005,4,5,0.9994446375160143,0.9996201331854666,0.9994446375160143,0.03330122079921811,12765
0.01,0.01,8,1,0.9679405720907864,0.9679405720907864,0.9971978333400633,0.25630286284582426,11513
0.003,0.005,4,6,0.9820997177519929,0.9933174755708388,0.9820997177519929,0.12184369699362406,12765
0.03,0.01,8,1,0.9955310425982054,0.9955310425982054,0.9989820447657173,0.09578425439594748,11513
0.01,0.005,4,6,0.9824811949776336,0.9940044639301118,0.9824811949776336,0.11617668093681305,12765
0.1,0.01,8,1,0.9988782616826954,0.9988782616826954,0.9992441682578919,0.05148653263733324,11513
0.03,0.005,4,6,0.9824286298577698,0.9940697311441022,0.9824286298577698,0.11554869827148788,12765
0.3,0.01,8,1,0.9991609213758301,0.9991609213758301,0.9992590936558724,0.045477505119635823,11513
0.1,0.005,4,6,0.9812522874980716,0.9938443903147716,0.9812522874980716,0.11675034375044588,12765
0.003,0.01,8,2,0.77002446442514,0.77002446442514,0.9630124910323782,0.8024994519704628,11513
0.3,0.005,4,6,0.959193408565598,0.9884294486125293,0.959193408565598,0.15281966251390142,12765
0.01,0.01,8,2,0.9684213020920369,0.9684213020920369,0.9929039443215256,0.25149538709467817,11513
0.003,0.005,4,7,0.9992983955390914,0.9992983955390914,0.9994054910174066,0.04261299177912296,12765
0.03,0.01,8,2,0.9940065328948045,0.9940065328948045,0.996023887589104,0.11168732302689335,11513
0.01,0.005,4,7,0.9996961474972539,0.9998211724395709,0.9996961474972539,0.027419446654789615,12765
0.1,0.01,8,2,0.9964738118370858,0.9969908581914477,0.9964738118370858,0.08244233618810072,11513
0.03,0.005,4,7,0.9997217012236658,0.9998608543316109,0.9997217012236658,0.026060665024667733,12765
0.3,0.01,8,2,0.9962754362385374,0.9970570534232968,0.9962754362385374,0.08125428543590818,11513
0.003,0.01,8,3,0.7746863540425803,0.7746863540425803,0.9714393911143289,0.8226355165349769,11513
0.1,0.005,4,7,0.9997242156012959,0.9998652988779203,0.9997242156012959,0.025918386829109574,12765
0.01,0.01,8,3,0.9695359148268774,0.9695359148268774,0.9966342093968056,0.2502307219291463,11513
0.3,0.005,4,7,0.9997152504090655,0.9998460725262184,0.9997152504090655,0.025916957232975966,12765
0.03,0.01,8,3,0.9955071970293363,0.9955071970293363,0.998696846371352,0.09566958199590143,11513
0.003,0.005,4,8,0.9893248769226783,0.9963570891705367,0.9893248769226783,0.0938815531354178,12765
0.1,0.01,8,3,0.9985676047047506,0.9985676047047506,0.9988609893889462,0.056903276015636994,11513
0.01,0.005,4,8,0.9904894767871585,0.9967286149560086,0.9904894767871585,0.08983119930907653,12765
0.3,0.01,8,3,0.998734093835867,0.9988026483526374,0.998734093835867,0.052491929624299535,11513
0.03,0.005,4,8,0.9906149099436006,0.9967660839846413,0.9906149099436006,0.08930746348542268,12765
0.003,0.01,8,4,0.7736120232745094,0.7736120232745094,0.9626140575282938,0.7992618918550483,11513
0.1,0.005,4,8,0.989961246439513,0.9967940482978744,0.989961246439513,0.08787306602683462,12765
0.01,0.01,8,4,0.9694816913713955,0.9694816913713955,0.9872023306254554,0.24709050970297272,11513
0.3,0.005,4,8,0.970916915644357,0.9940604589648397,0.970916915644357,0.1094095961535296,12765
0.03,0.01,8,4,0.9892838811103779,0.9945702820545008,0.9892838811103779,0.10740801697275221,11513
0.1,0.01,8,4,0.9894205944183313,0.9973890050267612,0.9894205944183313,0.07908309594268179,11513
0.003,0.005,8,1,0.9987142825546313,0.9987142825546313,0.9994965048459166,0.05285217659831225,22817
0.3,0.01,8,4,0.9889532883120933,0.9976320073452941,0.9889532883120933,0.075356393715035,11513
0.003,0.01,8,5,0.7927261747193578,0.7927261747193578,0.9828473552071875,0.7589328021873495,11513
0.01,0.005,8,1,0.9997109542627541,0.9997109542627541,0.9997808361690108,0.028814753422759038,22817
0.01,0.01,8,5,0.9734816810873602,0.9734816810873602,0.9967687502250048,0.23103933190893605,11513
0.03,0.01,8,5,0.9959072151159988,0.9959072151159988,0.9977797498055659,0.09346949382900409,11513
0.03,0.005,8,1,0.9998039457309784,0.9998039457309784,0.9998050628452799,0.02532798255557781,22817
0.1,0.01,8,5,0.9978321264358846,0.9983552023376386,0.9978321264358846,0.06414821735242195,11513
0.1,0.005,8,1,0.9998116454374023,0.9998156756416565,0.9998116454374023,0.024967954240938187,22817
0.3,0.005,8,1,0.9997841049966346,0.9997841049966346,0.9997891260351391,0.0255888351938682,22817
0.003,0.005,8,2,0.9984247115482238,0.9984247115482238,0.998571589550709,0.058240444026103656,22817
0.01,0.005,8,2,0.999052387366405,0.9992632315138534,0.999052387366405,0.0417622007934574,22817
0.03,0.005,8,2,0.9991049826862739,0.9993433587821333,0.9991049826862739,0.039969644554598775,22817
0.1,0.005,8,2,0.9991135728426317,0.9993480795307599,0.9991135728426317,0.03973087904056966,22817
0.3,0.005,8,2,0.9990827061807585,0.9992789940667138,0.9990827061807585,0.0409283171219359,22817
0.003,0.005,8,3,0.9986770625419519,0.9986770625419519,0.9993116823994613,0.05274983700694534,22817
0.01,0.005,8,3,0.9996126466583294,0.9996126466583294,0.9996696719210392,0.030977027303895593,22817
0.03,0.005,8,3,0.9996761147687898,0.9996761147687898,0.9996937874726166,0.02866847269382803,22817
0.1,0.005,8,3,0.9996890321669639,0.999691353287693,0.9996890321669639,0.028352547880864394,22817
0.3,0.005,8,3,0.9996233796297499,0.999654437955883,0.9996233796297499,0.028996669896762535,22817
0.003,0.005,8,4,0.9967344080231009,0.9985243390212101,0.9967344080231009,0.05720462950773968,22817
0.01,0.005,8,4,0.9972181340726959,0.9993543677230736,0.9972181340726959,0.04072038938400785,22817
0.03,0.005,8,4,0.9972503986708021,0.9994163427555023,0.9972503986708021,0.0392444806624057,22817
0.1,0.005,8,4,0.9972480871080742,0.9994299802747546,0.9972480871080742,0.038866226929811454,22817
0.3,0.005,8,4,0.9971205522729398,0.9994552819364411,0.9971205522729398,0.03722778512138183,22817
0.003,0.005,8,5,0.9988984249707664,0.9988984249707664,0.9992588263098082,0.050398743776530114,22817
0.01,0.005,8,5,0.9994342539976699,0.9996170865654713,0.9994342539976699,0.03353081556393603,22817
0.3,0.005,8,7,0.9997138012314278,0.9998447834584875,0.9997138012314278,0.02590489199410922,22817
0.003,0.005,8,7,0.999033509368599,0.999033509368599,0.999575403082898,0.048422511340514215,22817
0.1,0.005,8,8,0.989989584038528,0.9967935448122457,0.989989584038528,0.08780716234265808,22817
0.03,0.005,8,7,0.9997281538219505,0.9998628611954488,0.9997281538219505,0.026055729349771666,22817
0.3,0.005,8,8,0.9709306991659462,0.9940616494861637,0.9709306991659462,0.109394785046807,22817
0.01,0.005,8,8,0.9907832421802807,0.996772041136832,0.9907832421802807,0.0893543325191545,22817
0.03,0.005,8,5,0.9994424690720675,0.9996550322071055,0.9994424690720675,0.03226577114249523,22817
0.3,0.005,8,5,0.9994466093395244,0.9996232609661057,0.9994466093395244,0.033289616510552546,22817
0.01,0.005,8,6,0.9824631437143808,0.99401534618824,0.9824631437143808,0.1160696593738268,22817
0.1,0.005,8,6,0.9812492935454655,0.9938455466283269,0.9812492935454655,0.11674000207096868,22817
0.01,0.005,8,7,0.9997192557460254,0.9998079044358138,0.9997192557460254,0.028209720951605004,22817
0.003,0.005,8,8,0.9905550379664491,0.9963093838789423,0.9905550379664491,0.0939911356426312,22817
0.03,0.005,8,8,0.9907085059348965,0.9967800448992594,0.9907085059348965,0.08909544159057249,22817
0.1,0.005,8,5,0.9994411078659853,0.9996586147939898,0.9994411078659853,0.03236763705947907,22817
0.003,0.005,8,6,0.9821746600191477,0.9932104256162001,0.9821746600191477,0.12239976853837083,22817
0.03,0.005,8,6,0.982411032171293,0.9940771572841194,0.982411032171293,0.11548394061316596,22817
0.1,0.005,8,7,0.9997279751553457,0.999864556342202,0.9997279751553457,0.025876058352283998,22817
0.3,0.005,8,6,0.9591874763966682,0.9884278217360853,0.9591874763966682,0.15282240213774434,22817
