draw,carrier,frame,sample_every,cos_l1,cos_l2,relerr_l1
8,co_rotating,co_rotating,1,0.998871768916215,0.9961193562791166,0.050431836
8,co_rotating,co_rotating,628,0.25650203687010276,0.9787848326658385,3.7085216
8,lab_2pi,co_rotating,1,0.13755610547845898,0.9961190608148672,1.0045388
8,lab_2pi,co_rotating,628,-0.13648876987806313,0.9787856428020875,1204.9012
8,lab_2pi,lab,1,0.13755610708031535,0.9961190608148672,1.0045388
8,lab_2pi,lab,628,-0.13649186037691252,0.9787861466473241,1204.8989
8,lab_1p7,co_rotating,1,0.2613649369228238,0.9961193540035946,0.96551186
8,lab_1p7,co_rotating,628,-0.26193366692433745,0.9787852747597564,78.994804
8,lab_1p7,lab,1,0.2345358246036847,0.9961193540035946,0.9796088
8,lab_1p7,lab,628,0.14657592614073642,0.9787856067008389,185.99763
6,co_rotating,co_rotating,1,0.9993720968138066,0.9994886824823521,0.03544945
6,co_rotating,co_rotating,628,0.30518309042849956,0.8781171162074678,5.766215
6,lab_2pi,co_rotating,1,0.014046369288781483,0.999488513449589,1.2048062
6,lab_2pi,co_rotating,628,-0.014574303315879012,0.8781173347631868,2710.9456
6,lab_2pi,lab,1,0.014046413708481552,0.999488513449589,1.2048061
6,lab_2pi,lab,628,-0.014574544720934505,0.8781174894762351,2710.9397
6,lab_1p7,co_rotating,1,0.026892434217153514,0.999488680772993,1.051545
6,lab_1p7,co_rotating,628,-0.016370239567570607,0.8781198453016589,114.72172
6,lab_1p7,lab,1,0.01959362484792877,0.999488680772993,1.011873
6,lab_1p7,lab,628,0.01482820004708928,0.8781198557766942,342.33292
2,co_rotating,co_rotating,1,0.9979674697320202,0.9947575861448442,0.06375665
2,co_rotating,co_rotating,628,0.7713294625230785,0.9514251627606433,1.9484094
2,lab_2pi,co_rotating,1,0.06676838339882597,0.994757301868182,1.008087
2,lab_2pi,co_rotating,628,-0.0691479360082241,0.9514222286286274,830.2777
2,lab_2pi,lab,1,0.06676836494425928,0.994757301868182,1.008087
2,lab_2pi,lab,628,-0.06914801810179352,0.9514230173107736,830.27826
2,lab_1p7,co_rotating,1,0.010390705210294069,0.9947576706994048,1.0042472
2,lab_1p7,co_rotating,628,0.024730842679402634,0.9514255225832045,35.46255
2,lab_1p7,lab,1,-0.014003443838571323,0.9947576706994048,1.001812
2,lab_1p7,lab,628,-0.016051140201698743,0.9514260929187648,84.85107
7,co_rotating,co_rotating,1,0.998841182649282,0.9988211803631437,0.050283488
7,co_rotating,co_rotating,628,0.44239515884827074,-0.05541173153708488,11.484422
7,lab_2pi,co_rotating,1,-0.2323326897944789,0.9988211735062459,1.2209917
7,lab_2pi,co_rotating,628,0.2261031717760653,-0.0554077906982909,1998.5126
7,lab_2pi,lab,1,-0.23233268796999082,0.9988211735062459,1.2209916
7,lab_2pi,lab,628,0.22610922798562802,-0.055405220942948176,1998.5066
7,lab_1p7,co_rotating,1,-0.29029976429284976,0.9988209772769883,1.3698944
7,lab_1p7,co_rotating,628,0.30937424690933324,-0.05541156699881778,230.72835
7,lab_1p7,lab,1,-0.27277776864211417,0.9988209772769883,1.1321254
7,lab_1p7,lab,628,-0.1820615794222898,-0.05540823572876588,467.84012
4,co_rotating,co_rotating,1,0.9926848697130908,0.993438055946246,0.12578127
4,co_rotating,co_rotating,628,0.48068214560971817,0.9873083753607633,3.1742363
4,lab_2pi,co_rotating,1,0.02208384666507718,0.9934389501700879,1.0325725
4,lab_2pi,co_rotating,628,-0.023211824411489935,0.9873081465756472,1104.8494
4,lab_2pi,lab,1,0.02208384994513926,0.9934390146901964,1.0325725
4,lab_2pi,lab,628,-0.023212542107441395,0.9873079059796531,1104.85
4,lab_1p7,co_rotating,1,0.07213017535880269,0.9934379706796576,1.0048227
4,lab_1p7,co_rotating,628,-0.04812661933411361,0.987308271092548,65.92015
4,lab_1p7,lab,1,0.0625934901746226,0.9934379065821917,0.9984124
4,lab_1p7,lab,628,0.06438587356099791,0.98730827766631,141.08652
1,co_rotating,co_rotating,1,0.9995393765120195,0.9929909631553314,0.030366402
1,co_rotating,co_rotating,628,0.286230351285112,0.9776556886894809,3.8749156
1,lab_2pi,co_rotating,1,0.10386568789569828,0.9929908757367237,1.0113174
1,lab_2pi,co_rotating,628,-0.10375397960541634,0.9776567974126381,1128.6953
1,lab_2pi,lab,1,0.10386568656439815,0.9929908757367237,1.0113174
1,lab_2pi,lab,628,-0.10375610415669637,0.9776551357734465,1128.6993
1,lab_1p7,co_rotating,1,0.20921830500776847,0.9929905497304942,0.97855586
1,lab_1p7,co_rotating,628,-0.194781321019108,0.9776560159147916,84.85568
1,lab_1p7,lab,1,0.19872038533213482,0.9929905497304942,0.98398286
1,lab_1p7,lab,628,0.16430596478789208,0.9776556190755117,149.41748
5,co_rotating,co_rotating,1,0.9994467405636932,0.9902215382404302,0.034136266
5,co_rotating,co_rotating,628,-0.010125532463643484,-0.34875771015311235,10.302881
5,lab_2pi,co_rotating,1,0.08864644165817773,0.9902228096438321,1.2300357
5,lab_2pi,co_rotating,628,-0.08775370989802628,-0.34878799538283956,3180.7812
5,lab_2pi,lab,1,0.08864645458890348,0.9902228096438321,1.2300357
5,lab_2pi,lab,628,-0.0877554523753783,-0.34875325998492707,3180.7979
5,lab_1p7,co_rotating,1,0.19948453997642343,0.9902208461086753,1.0782369
5,lab_1p7,co_rotating,628,-0.1922955818545198,-0.34878349003307973,228.1986
5,lab_1p7,lab,1,0.19761461770875796,0.9902207532674315,0.9842479
5,lab_1p7,lab,628,0.16954390790090867,-0.3487758140468563,350.65005
3,co_rotating,co_rotating,1,0.999204008815914,0.9994892745818412,0.0400426
3,co_rotating,co_rotating,628,0.25377017630374665,0.761510738249446,15.381431
3,lab_2pi,co_rotating,1,-0.07885266939814768,0.9994890946946051,1.5935159
3,lab_2pi,co_rotating,628,0.07768595250431208,0.7615053572333123,4560.567
3,lab_2pi,lab,1,-0.07885263837739108,0.9994890947260047,1.5935158
3,lab_2pi,lab,628,0.07768680326278837,0.7614968339279459,4560.602
3,lab_1p7,co_rotating,1,-0.1297233098338937,0.9994890891682294,1.4627602
3,lab_1p7,co_rotating,628,0.13302878714824232,0.7615200590465303,337.38177
3,lab_1p7,lab,1,-0.13168876136991664,0.9994892120239649,1.1279019
3,lab_1p7,lab,628,-0.10669665201727517,0.7615235383677134,424.3334
1,co_rotating,co_rotating,1,0.9995393765120195,0.9929909631553314,0.030366402
1,co_rotating,co_rotating,628,0.286230351285112,0.9776556886894809,3.8749156
1,lab_2pi,co_rotating,1,0.10386568789569828,0.9929908757367237,1.0113174
1,lab_2pi,co_rotating,628,-0.10375397960541634,0.9776567974126381,1128.6953
1,lab_2pi,lab,1,0.10386568656439815,0.9929908757367237,1.0113174
1,lab_2pi,lab,628,-0.10375610415669637,0.9776551357734465,1128.6993
1,lab_1p7,co_rotating,1,0.20921830500776847,0.9929905497304942,0.97855586
1,lab_1p7,co_rotating,628,-0.194781321019108,0.9776560159147916,84.85568
1,lab_1p7,lab,1,0.19872038533213482,0.9929905497304942,0.98398286
1,lab_1p7,lab,628,0.16430596478789208,0.9776556190755117,149.41748
8,co_rotating,co_rotating,1,0.998871768916215,0.9961193562791166,0.050431836
8,co_rotating,co_rotating,628,0.25650203687010276,0.9787848326658385,3.7085216
8,lab_2pi,co_rotating,1,0.13755610547845898,0.9961190608148672,1.0045388
8,lab_2pi,co_rotating,628,-0.13648876987806313,0.9787856428020875,1204.9012
8,lab_2pi,lab,1,0.13755610708031535,0.9961190608148672,1.0045388
8,lab_2pi,lab,628,-0.13649186037691252,0.9787861466473241,1204.8989
8,lab_1p7,co_rotating,1,0.2613649369228238,0.9961193540035946,0.96551186
8,lab_1p7,co_rotating,628,-0.26193366692433745,0.9787852747597564,78.994804
8,lab_1p7,lab,1,0.2345358246036847,0.9961193540035946,0.9796088
8,lab_1p7,lab,628,0.14657592614073642,0.9787856067008389,185.99763
5,co_rotating,co_rotating,1,0.9994467405636932,0.9902215382404302,0.034136266
5,co_rotating,co_rotating,628,-0.010125532463643484,-0.34875771015311235,10.302881
5,lab_2pi,co_rotating,1,0.08864644165817773,0.9902228096438321,1.2300357
5,lab_2pi,co_rotating,628,-0.08775370989802628,-0.34878799538283956,3180.7812
5,lab_2pi,lab,1,0.08864645458890348,0.9902228096438321,1.2300357
5,lab_2pi,lab,628,-0.0877554523753783,-0.34875325998492707,3180.7979
5,lab_1p7,co_rotating,1,0.19948453997642343,0.9902208461086753,1.0782369
5,lab_1p7,co_rotating,628,-0.1922955818545198,-0.34878349003307973,228.1986
5,lab_1p7,lab,1,0.19761461770875796,0.9902207532674315,0.9842479
5,lab_1p7,lab,628,0.16954390790090867,-0.3487758140468563,350.65005
3,co_rotating,co_rotating,1,0.999204008815914,0.9994892745818412,0.0400426
3,co_rotating,co_rotating,628,0.25377017630374665,0.761510738249446,15.381431
3,lab_2pi,co_rotating,1,-0.07885266939814768,0.9994890946946051,1.5935159
3,lab_2pi,co_rotating,628,0.07768595250431208,0.7615053572333123,4560.567
3,lab_2pi,lab,1,-0.07885263837739108,0.9994890947260047,1.5935158
3,lab_2pi,lab,628,0.07768680326278837,0.7614968339279459,4560.602
3,lab_1p7,co_rotating,1,-0.1297233098338937,0.9994890891682294,1.4627602
3,lab_1p7,co_rotating,628,0.13302878714824232,0.7615200590465303,337.38177
3,lab_1p7,lab,1,-0.13168876136991664,0.9994892120239649,1.1279019
3,lab_1p7,lab,628,-0.10669665201727517,0.7615235383677134,424.3334
7,co_rotating,co_rotating,1,0.998841182649282,0.9988211803631437,0.050283488
7,co_rotating,co_rotating,628,0.44239515884827074,-0.05541173153708488,11.484422
7,lab_2pi,co_rotating,1,-0.2323326897944789,0.9988211735062459,1.2209917
7,lab_2pi,co_rotating,628,0.2261031717760653,-0.0554077906982909,1998.5126
7,lab_2pi,lab,1,-0.23233268796999082,0.9988211735062459,1.2209916
7,lab_2pi,lab,628,0.22610922798562802,-0.055405220942948176,1998.5066
7,lab_1p7,co_rotating,1,-0.29029976429284976,0.9988209772769883,1.3698944
7,lab_1p7,co_rotating,628,0.30937424690933324,-0.05541156699881778,230.72835
7,lab_1p7,lab,1,-0.27277776864211417,0.9988209772769883,1.1321254
7,lab_1p7,lab,628,-0.1820615794222898,-0.05540823572876588,467.84012
2,co_rotating,co_rotating,1,0.9979674697320202,0.9947575861448442,0.06375665
2,co_rotating,co_rotating,628,0.7713294625230785,0.9514251627606433,1.9484094
2,lab_2pi,co_rotating,1,0.06676838339882597,0.994757301868182,1.008087
2,lab_2pi,co_rotating,628,-0.0691479360082241,0.9514222286286274,830.2777
2,lab_2pi,lab,1,0.06676836494425928,0.994757301868182,1.008087
2,lab_2pi,lab,628,-0.06914801810179352,0.9514230173107736,830.27826
2,lab_1p7,co_rotating,1,0.010390705210294069,0.9947576706994048,1.0042472
2,lab_1p7,co_rotating,628,0.024730842679402634,0.9514255225832045,35.46255
2,lab_1p7,lab,1,-0.014003443838571323,0.9947576706994048,1.001812
2,lab_1p7,lab,628,-0.016051140201698743,0.9514260929187648,84.85107
4,co_rotating,co_rotating,1,0.9926848697130908,0.993438055946246,0.12578127
4,co_rotating,co_rotating,628,0.48068214560971817,0.9873083753607633,3.1742363
4,lab_2pi,co_rotating,1,0.02208384666507718,0.9934389501700879,1.0325725
4,lab_2pi,co_rotating,628,-0.023211824411489935,0.9873081465756472,1104.8494
4,lab_2pi,lab,1,0.02208384994513926,0.9934390146901964,1.0325725
4,lab_2pi,lab,628,-0.023212542107441395,0.9873079059796531,1104.85
4,lab_1p7,co_rotating,1,0.07213017535880269,0.9934379706796576,1.0048227
4,lab_1p7,co_rotating,628,-0.04812661933411361,0.987308271092548,65.92015
4,lab_1p7,lab,1,0.0625934901746226,0.9934379065821917,0.9984124
4,lab_1p7,lab,628,0.06438587356099791,0.98730827766631,141.08652
6,co_rotating,co_rotating,1,0.9993720968138066,0.9994886824823521,0.03544945
6,co_rotating,co_rotating,628,0.30518309042849956,0.8781171162074678,5.766215
6,lab_2pi,co_rotating,1,0.014046369288781483,0.999488513449589,1.2048062
6,lab_2pi,co_rotating,628,-0.014574303315879012,0.8781173347631868,2710.9456
6,lab_2pi,lab,1,0.014046413708481552,0.999488513449589,1.2048061
6,lab_2pi,lab,628,-0.014574544720934505,0.8781174894762351,2710.9397
6,lab_1p7,co_rotating,1,0.026892434217153514,0.999488680772993,1.051545
6,lab_1p7,co_rotating,628,-0.016370239567570607,0.8781198453016589,114.72172
6,lab_1p7,lab,1,0.01959362484792877,0.999488680772993,1.011873
6,lab_1p7,lab,628,0.01482820004708928,0.8781198557766942,342.33292
2,co_rotating,co_rotating,1,0.9979678679563329,0.9947575861448442,0.06374989
2,co_rotating,co_rotating,628,0.7713312947332203,0.9514251627606433,1.9484081
2,lab_2pi,co_rotating,1,0.9979679331645303,0.994757301868182,0.06374816
2,lab_2pi,co_rotating,628,0.7713307708924017,0.9514222286286274,1.9484248
2,lab_2pi,lab,1,0.06676840473842333,0.994757301868182,1.0080869
2,lab_2pi,lab,628,-0.0691478556793414,0.9514230173107736,830.2773
2,lab_1p7,co_rotating,1,0.9979679379411068,0.9947576706994048,0.06374895
2,lab_1p7,co_rotating,628,0.7713264682517503,0.9514255225832045,1.9484216
2,lab_1p7,lab,1,0.01678228202470002,0.9947576706994048,1.0004184
2,lab_1p7,lab,628,0.01682682186111425,0.9514260929187648,79.047035
7,co_rotating,co_rotating,1,0.9988381872422425,0.9988211803631437,0.050340015
7,co_rotating,co_rotating,628,0.44239712654473834,-0.05541173153708488,11.48442
7,lab_2pi,co_rotating,1,0.9988387955469948,0.9988211735062459,0.050327912
7,lab_2pi,co_rotating,628,0.44239946664526575,-0.0554077906982909,11.484494
7,lab_2pi,lab,1,-0.23231978586210741,0.9988211735062459,1.2209878
7,lab_2pi,lab,628,0.2260971181612644,-0.055405220942948176,1998.5187
7,lab_1p7,co_rotating,1,0.9988384946858142,0.9988209772769883,0.05033357
7,lab_1p7,co_rotating,628,0.4424010062204302,-0.05541156699881778,11.484456
7,lab_1p7,lab,1,-0.3183527614002981,0.9988209772769883,1.1387194
7,lab_1p7,lab,628,-0.24383614255992117,-0.05540823572876588,522.04047
8,co_rotating,co_rotating,1,0.9988714270985872,0.9961193562791166,0.05042962
8,co_rotating,co_rotating,628,0.25650241848022265,0.9787848326658385,3.708524
8,lab_2pi,co_rotating,1,0.9988712770180022,0.9961190608148672,0.050431807
8,lab_2pi,co_rotating,628,0.2565012805042458,0.9787856428020875,3.708514
8,lab_2pi,lab,1,0.137549688196342,0.9961190608148672,1.0045409
8,lab_2pi,lab,628,-0.13648563729897786,0.9787861466473241,1204.9038
8,lab_1p7,co_rotating,1,0.9988715813287918,0.9961193540035946,0.050426483
8,lab_1p7,co_rotating,628,0.2564990748256786,0.9787852747597564,3.708514
8,lab_1p7,lab,1,0.28536111232532674,0.9961193540035946,0.97487086
8,lab_1p7,lab,628,0.22235047231467853,0.9787856067008389,188.84691
3,co_rotating,co_rotating,1,0.9992031716362532,0.9994892745818412,0.04005723
3,co_rotating,co_rotating,628,0.2537699900202661,0.761510738249446,15.381435
3,lab_2pi,co_rotating,1,0.999203593584022,0.9994890946946051,0.04005116
3,lab_2pi,co_rotating,628,0.2537705432008642,0.7615053572333123,15.381369
3,lab_2pi,lab,1,-0.07885082301794838,0.9994890947260047,1.5935009
3,lab_2pi,lab,628,0.07768509362329759,0.7614968339279459,4560.533
3,lab_1p7,co_rotating,1,0.999203168478786,0.9994890891682294,0.040059157
3,lab_1p7,co_rotating,628,0.2537677398367866,0.7615200590465303,15.381552
3,lab_1p7,lab,1,-0.12855964802015996,0.9994892120239649,1.1661704
3,lab_1p7,lab,628,-0.1253694379713458,0.7615235383677134,590.5894
6,co_rotating,co_rotating,1,0.9993732560467556,0.9994886824823521,0.03541871
6,co_rotating,co_rotating,628,0.3051828606028608,0.8781171162074678,5.76622
6,lab_2pi,co_rotating,1,0.9993732587189075,0.999488513449589,0.03541918
6,lab_2pi,co_rotating,628,0.3051793184761481,0.8781173347631868,5.766214
6,lab_2pi,lab,1,0.014046030555716902,0.999488513449589,1.204808
6,lab_2pi,lab,628,-0.014574083821012057,0.8781174894762351,2710.9521
6,lab_1p7,co_rotating,1,0.99937298695637,0.999488680772993,0.035421018
6,lab_1p7,co_rotating,628,0.305177324601688,0.8781198453016589,5.766249
6,lab_1p7,lab,1,0.028932362796365848,0.999488680772993,1.0072776
6,lab_1p7,lab,628,0.026428851209762134,0.8781198557766942,306.7095
4,co_rotating,co_rotating,1,0.9926844301543252,0.993438055946246,0.12578543
4,co_rotating,co_rotating,628,0.48068087105393176,0.9873083753607633,3.1742468
4,lab_2pi,co_rotating,1,0.9926843267854825,0.9934389501700879,0.12578651
4,lab_2pi,co_rotating,628,0.4806803271842296,0.9873081465756472,3.174249
4,lab_2pi,lab,1,0.022081979118345207,0.9934390146901964,1.0325729
4,lab_2pi,lab,628,-0.02321110175037524,0.9873079059796531,1104.8488
4,lab_1p7,co_rotating,1,0.9926848570438318,0.9934379706796576,0.12578233
4,lab_1p7,co_rotating,628,0.480677219288156,0.987308271092548,3.1742697
4,lab_1p7,lab,1,0.06924060233861137,0.9934379065821917,0.99784994
4,lab_1p7,lab,628,0.08176650808510887,0.98730827766631,145.79051
1,co_rotating,co_rotating,1,0.9995385887177061,0.9929909631553314,0.03038631
1,co_rotating,co_rotating,628,0.28623531067674374,0.9776556886894809,3.8749177
1,lab_2pi,co_rotating,1,0.9995386594155485,0.9929908757367237,0.030389125
1,lab_2pi,co_rotating,628,0.2862335706619044,0.9776567974126381,3.8748906
1,lab_2pi,lab,1,0.10386138427377996,0.9929908757367237,1.0113183
1,lab_2pi,lab,628,-0.10375182501725683,0.9776551357734465,1128.6918
1,lab_1p7,co_rotating,1,0.9995385869162857,0.9929905497304942,0.0303862
1,lab_1p7,co_rotating,628,0.2862247153879241,0.9776560159147916,3.874924
1,lab_1p7,lab,1,0.20914442552991466,0.9929905497304942,0.9820439
1,lab_1p7,lab,628,0.20736118593484776,0.9776556190755117,173.00835
5,co_rotating,co_rotating,1,0.9994480517270476,0.9902215382404302,0.034108482
5,co_rotating,co_rotating,628,-0.01012823344825546,-0.34875771015311235,10.302883
5,lab_2pi,co_rotating,1,0.9994481670155037,0.9902228096438321,0.03410545
5,lab_2pi,co_rotating,628,-0.010122394552779388,-0.34878799538283956,10.302865
5,lab_2pi,lab,1,0.08864235673121772,0.9902228096438321,1.230034
5,lab_2pi,lab,628,-0.08775194352163387,-0.34875325998492707,3180.7644
5,lab_1p7,co_rotating,1,0.9994479321632562,0.9902208461086753,0.034109317
5,lab_1p7,co_rotating,628,-0.010120572374348295,-0.34878349003307973,10.302861
5,lab_1p7,lab,1,0.19473065082160945,0.9902207532674315,0.9893841
5,lab_1p7,lab,628,0.2013564550195936,-0.3487758140468563,431.95007
7,co_rotating,co_rotating,1,0.9988381872422425,0.9988211803631437,0.050340015
7,co_rotating,co_rotating,628,0.44239712654473834,-0.05541173153708488,11.48442
7,lab_2pi,co_rotating,1,-0.23231978586210741,0.9988211735062459,1.2209878
7,lab_2pi,co_rotating,628,0.2260971181612644,-0.055405220942948176,1998.5187
7,lab_2pi,lab,1,-0.23231978586210741,0.9988211735062459,1.2209878
7,lab_2pi,lab,628,0.2260971181612644,-0.055405220942948176,1998.5187
7,lab_1p7,co_rotating,1,-0.3183527614002981,0.9988209772769883,1.1387194
7,lab_1p7,co_rotating,628,-0.24383614255992117,-0.05540823572876588,522.04047
7,lab_1p7,lab,1,-0.3183527614002981,0.9988209772769883,1.1387194
7,lab_1p7,lab,628,-0.24383614255992117,-0.05540823572876588,522.04047
2,co_rotating,co_rotating,1,0.9979678679563329,0.9947575861448442,0.06374989
2,co_rotating,co_rotating,628,0.7713312947332203,0.9514251627606433,1.9484081
2,lab_2pi,co_rotating,1,0.06676840473842333,0.994757301868182,1.0080869
2,lab_2pi,co_rotating,628,-0.0691478556793414,0.9514230173107736,830.2773
2,lab_2pi,lab,1,0.06676840473842333,0.994757301868182,1.0080869
2,lab_2pi,lab,628,-0.0691478556793414,0.9514230173107736,830.2773
2,lab_1p7,co_rotating,1,0.01678228202470002,0.9947576706994048,1.0004184
2,lab_1p7,co_rotating,628,0.01682682186111425,0.9514260929187648,79.047035
2,lab_1p7,lab,1,0.01678228202470002,0.9947576706994048,1.0004184
2,lab_1p7,lab,628,0.01682682186111425,0.9514260929187648,79.047035
1,co_rotating,co_rotating,1,0.9995385887177061,0.9929909631553314,0.03038631
1,co_rotating,co_rotating,628,0.28623531067674374,0.9776556886894809,3.8749177
1,lab_2pi,co_rotating,1,0.10386138427377996,0.9929908757367237,1.0113183
1,lab_2pi,co_rotating,628,-0.10375182501725683,0.9776551357734465,1128.6918
1,lab_2pi,lab,1,0.10386138427377996,0.9929908757367237,1.0113183
1,lab_2pi,lab,628,-0.10375182501725683,0.9776551357734465,1128.6918
1,lab_1p7,co_rotating,1,0.20914442552991466,0.9929905497304942,0.9820439
1,lab_1p7,co_rotating,628,0.20736118593484776,0.9776556190755117,173.00835
1,lab_1p7,lab,1,0.20914442552991466,0.9929905497304942,0.9820439
1,lab_1p7,lab,628,0.20736118593484776,0.9776556190755117,173.00835
4,co_rotating,co_rotating,1,0.9926844301543252,0.993438055946246,0.12578543
4,co_rotating,co_rotating,628,0.48068087105393176,0.9873083753607633,3.1742468
4,lab_2pi,co_rotating,1,0.022081979118345207,0.9934390146901964,1.0325729
4,lab_2pi,co_rotating,628,-0.02321110175037524,0.9873079059796531,1104.8488
4,lab_2pi,lab,1,0.022081979118345207,0.9934390146901964,1.0325729
4,lab_2pi,lab,628,-0.02321110175037524,0.9873079059796531,1104.8488
4,lab_1p7,co_rotating,1,0.06924060233861137,0.9934379065821917,0.99784994
4,lab_1p7,co_rotating,628,0.08176650808510887,0.98730827766631,145.79051
4,lab_1p7,lab,1,0.06924060233861137,0.9934379065821917,0.99784994
4,lab_1p7,lab,628,0.08176650808510887,0.98730827766631,145.79051
8,co_rotating,co_rotating,1,0.9988714270985872,0.9961193562791166,0.05042962
8,co_rotating,co_rotating,628,0.25650241848022265,0.9787848326658385,3.708524
8,lab_2pi,co_rotating,1,0.137549688196342,0.9961190608148672,1.0045409
8,lab_2pi,co_rotating,628,-0.13648563729897786,0.9787861466473241,1204.9038
8,lab_2pi,lab,1,0.137549688196342,0.9961190608148672,1.0045409
8,lab_2pi,lab,628,-0.13648563729897786,0.9787861466473241,1204.9038
8,lab_1p7,co_rotating,1,0.28536111232532674,0.9961193540035946,0.97487086
8,lab_1p7,co_rotating,628,0.22235047231467853,0.9787856067008389,188.84691
8,lab_1p7,lab,1,0.28536111232532674,0.9961193540035946,0.97487086
8,lab_1p7,lab,628,0.22235047231467853,0.9787856067008389,188.84691
3,co_rotating,co_rotating,1,0.9992031716362532,0.9994892745818412,0.04005723
3,co_rotating,co_rotating,628,0.2537699900202661,0.761510738249446,15.381435
3,lab_2pi,co_rotating,1,-0.07885082301794838,0.9994890947260047,1.5935009
3,lab_2pi,co_rotating,628,0.07768509362329759,0.7614968339279459,4560.533
3,lab_2pi,lab,1,-0.07885082301794838,0.9994890947260047,1.5935009
3,lab_2pi,lab,628,0.07768509362329759,0.7614968339279459,4560.533
3,lab_1p7,co_rotating,1,-0.12855964802015996,0.9994892120239649,1.1661704
3,lab_1p7,co_rotating,628,-0.1253694379713458,0.7615235383677134,590.5894
3,lab_1p7,lab,1,-0.12855964802015996,0.9994892120239649,1.1661704
3,lab_1p7,lab,628,-0.1253694379713458,0.7615235383677134,590.5894
6,co_rotating,co_rotating,1,0.9993732560467556,0.9994886824823521,0.03541871
6,co_rotating,co_rotating,628,0.3051828606028608,0.8781171162074678,5.76622
6,lab_2pi,co_rotating,1,0.014046030555716902,0.999488513449589,1.204808
6,lab_2pi,co_rotating,628,-0.014574083821012057,0.8781174894762351,2710.9521
6,lab_2pi,lab,1,0.014046030555716902,0.999488513449589,1.204808
6,lab_2pi,lab,628,-0.014574083821012057,0.8781174894762351,2710.9521
6,lab_1p7,co_rotating,1,0.028932362796365848,0.999488680772993,1.0072776
6,lab_1p7,co_rotating,628,0.026428851209762134,0.8781198557766942,306.7095
6,lab_1p7,lab,1,0.028932362796365848,0.999488680772993,1.0072776
6,lab_1p7,lab,628,0.026428851209762134,0.8781198557766942,306.7095
5,co_rotating,co_rotating,1,0.9994480517270476,0.9902215382404302,0.034108482
5,co_rotating,co_rotating,628,-0.01012823344825546,-0.34875771015311235,10.302883
5,lab_2pi,co_rotating,1,0.08864235673121772,0.9902228096438321,1.230034
5,lab_2pi,co_rotating,628,-0.08775194352163387,-0.34875325998492707,3180.7644
5,lab_2pi,lab,1,0.08864235673121772,0.9902228096438321,1.230034
5,lab_2pi,lab,628,-0.08775194352163387,-0.34875325998492707,3180.7644
5,lab_1p7,co_rotating,1,0.19473065082160945,0.9902207532674315,0.9893841
5,lab_1p7,co_rotating,628,0.2013564550195936,-0.3487758140468563,431.95007
5,lab_1p7,lab,1,0.19473065082160945,0.9902207532674315,0.9893841
5,lab_1p7,lab,628,0.2013564550195936,-0.3487758140468563,431.95007
5,co_rotating,co_rotating,1,0.9994480517270476,0.9902215382404302,0.034108482
5,co_rotating,co_rotating,628,-0.01012823344825546,-0.34875771015311235,10.302883
5,lab_2pi,lab,1,0.08864235673121772,0.9902228096438321,1.230034
5,lab_2pi,lab,628,-0.08775194352163387,-0.34875325998492707,3180.7644
5,lab_1p7,lab,1,0.19473065082160945,0.9902207532674315,0.9893841
5,lab_1p7,lab,628,0.2013564550195936,-0.3487758140468563,431.95007
5,lab_2p9,lab,1,0.1855567440526517,0.9902212000298215,0.98272115
5,lab_2p9,lab,628,0.1800444004269584,-0.3487810795360895,1103.2947
5,lab_1p7,co_rotating,1,0.19473065082160945,0.9902207532674315,0.9893841
5,lab_1p7,co_rotating,628,0.2013564550195936,-0.3487758140468563,431.95007
1,co_rotating,co_rotating,1,0.9995385887177061,0.9929909631553314,0.03038631
1,co_rotating,co_rotating,628,0.28623531067674374,0.9776556886894809,3.8749177
1,lab_2pi,lab,1,0.10386138427377996,0.9929908757367237,1.0113183
1,lab_2pi,lab,628,-0.10375182501725683,0.9776551357734465,1128.6918
1,lab_1p7,lab,1,0.20914442552991466,0.9929905497304942,0.9820439
1,lab_1p7,lab,628,0.20736118593484776,0.9776556190755117,173.00835
1,lab_2p9,lab,1,0.20129087838676943,0.9929915228453541,0.98947996
1,lab_2p9,lab,628,0.1721191654740218,0.9776572480865512,463.3312
1,lab_1p7,co_rotating,1,0.20914442552991466,0.9929905497304942,0.9820439
1,lab_1p7,co_rotating,628,0.20736118593484776,0.9776556190755117,173.00835
7,co_rotating,co_rotating,1,0.9988381872422425,0.9988211803631437,0.050340015
7,co_rotating,co_rotating,628,0.44239712654473834,-0.05541173153708488,11.48442
7,lab_2pi,lab,1,-0.23231978586210741,0.9988211735062459,1.2209878
7,lab_2pi,lab,628,0.2260971181612644,-0.055405220942948176,1998.5187
7,lab_1p7,lab,1,-0.3183527614002981,0.9988209772769883,1.1387194
7,lab_1p7,lab,628,-0.24383614255992117,-0.05540823572876588,522.04047
7,lab_2p9,lab,1,-0.34868754911433286,0.9988214710401385,1.0610428
7,lab_2p9,lab,628,-0.20344452584783063,-0.05539631980581155,1449.3136
7,lab_1p7,co_rotating,1,-0.3183527614002981,0.9988209772769883,1.1387194
7,lab_1p7,co_rotating,628,-0.24383614255992117,-0.05540823572876588,522.04047
8,co_rotating,co_rotating,1,0.9988714270985872,0.9961193562791166,0.05042962
8,co_rotating,co_rotating,628,0.25650241848022265,0.9787848326658385,3.708524
8,lab_2pi,lab,1,0.137549688196342,0.9961190608148672,1.0045409
8,lab_2pi,lab,628,-0.13648563729897786,0.9787861466473241,1204.9038
8,lab_1p7,lab,1,0.28536111232532674,0.9961193540035946,0.97487086
8,lab_1p7,lab,628,0.22235047231467853,0.9787856067008389,188.84691
8,lab_2p9,lab,1,0.29951635961029294,0.9961193672774353,0.98576397
8,lab_2p9,lab,628,0.16358001331501257,0.9787841149675618,557.7728
8,lab_1p7,co_rotating,1,0.28536111232532674,0.9961193540035946,0.97487086
8,lab_1p7,co_rotating,628,0.22235047231467853,0.9787856067008389,188.84691
4,co_rotating,co_rotating,1,0.9926844301543252,0.993438055946246,0.12578543
4,co_rotating,co_rotating,628,0.48068087105393176,0.9873083753607633,3.1742468
4,lab_2pi,lab,1,0.022081979118345207,0.9934390146901964,1.0325729
4,lab_2pi,lab,628,-0.02321110175037524,0.9873079059796531,1104.8488
4,lab_1p7,lab,1,0.06924060233861137,0.9934379065821917,0.99784994
4,lab_1p7,lab,628,0.08176650808510887,0.98730827766631,145.79051
4,lab_2p9,lab,1,0.05846674641670441,0.9934381684759809,0.99835604
4,lab_2p9,lab,628,0.06052811167623063,0.9873081180659721,422.54715
4,lab_1p7,co_rotating,1,0.06924060233861137,0.9934379065821917,0.99784994
4,lab_1p7,co_rotating,628,0.08176650808510887,0.98730827766631,145.79051
2,co_rotating,co_rotating,1,0.9979678679563329,0.9947575861448442,0.06374989
2,co_rotating,co_rotating,628,0.7713312947332203,0.9514251627606433,1.9484081
2,lab_2pi,lab,1,0.06676840473842333,0.994757301868182,1.0080869
2,lab_2pi,lab,628,-0.0691478556793414,0.9514230173107736,830.2773
2,lab_1p7,lab,1,0.01678228202470002,0.9947576706994048,1.0004184
2,lab_1p7,lab,628,0.01682682186111425,0.9514260929187648,79.047035
2,lab_2p9,lab,1,0.01416375650749367,0.9947575782701878,0.99998647
2,lab_2p9,lab,628,-0.02318196046707703,0.9514246813244526,246.0594
2,lab_1p7,co_rotating,1,0.01678228202470002,0.9947576706994048,1.0004184
2,lab_1p7,co_rotating,628,0.01682682186111425,0.9514260929187648,79.047035
3,co_rotating,co_rotating,1,0.9992031716362532,0.9994892745818412,0.04005723
3,co_rotating,co_rotating,628,0.2537699900202661,0.761510738249446,15.381435
3,lab_2pi,lab,1,-0.07885082301794838,0.9994890947260047,1.5935009
3,lab_2pi,lab,628,0.07768509362329759,0.7614968339279459,4560.533
3,lab_1p7,lab,1,-0.12855964802015996,0.9994892120239649,1.1661704
3,lab_1p7,lab,628,-0.1253694379713458,0.7615235383677134,590.5894
3,lab_2p9,lab,1,-0.12682807624508338,0.9994889123605156,1.0656506
3,lab_2p9,lab,628,-0.11821579356930582,0.7615184158023636,1386.8165
3,lab_1p7,co_rotating,1,-0.12855964802015996,0.9994892120239649,1.1661704
3,lab_1p7,co_rotating,628,-0.1253694379713458,0.7615235383677134,590.5894
6,co_rotating,co_rotating,1,0.9993732560467556,0.9994886824823521,0.03541871
6,co_rotating,co_rotating,628,0.3051828606028608,0.8781171162074678,5.76622
6,lab_2pi,lab,1,0.014046030555716902,0.999488513449589,1.204808
6,lab_2pi,lab,628,-0.014574083821012057,0.8781174894762351,2710.9521
6,lab_1p7,lab,1,0.028932362796365848,0.999488680772993,1.0072776
6,lab_1p7,lab,628,0.026428851209762134,0.8781198557766942,306.7095
6,lab_2p9,lab,1,0.02584587413777293,0.9994886829096901,1.0008883
6,lab_2p9,lab,628,0.01412208062246182,0.878119975035078,993.57947
6,lab_1p7,co_rotating,1,0.028932362796365848,0.999488680772993,1.0072776
6,lab_1p7,co_rotating,628,0.026428851209762134,0.8781198557766942,306.7095
1,co_rotating,co_rotating,1,0.352645284042234,0.8962246268679025,1.5145968
1,co_rotating,co_rotating,628,-0.21392090367069072,0.9363378638545147,4.2846904
1,lab_2pi,lab,1,0.3347843254921592,0.8872038738956453,1.5066123
1,lab_2pi,lab,628,-0.1947931580768448,0.9363377139974858,4.97134
1,lab_1p7,lab,1,0.9989960406900343,0.9935066293411469,0.045062777
1,lab_1p7,lab,628,0.3585341846876864,0.9799427566137653,7.9070272
1,lab_2p9,lab,1,0.9989122550724316,0.9938271059585048,0.04710733
1,lab_2p9,lab,628,0.3260042193256585,0.91486810766611,6.602578
1,lab_1p7,co_rotating,1,0.35264577630963306,0.896224844144147,1.5145918
1,lab_1p7,co_rotating,628,-0.21392773365877982,0.9363371422051631,4.2847075
8,co_rotating,co_rotating,1,0.7240199400452899,0.9508501848566202,1.0268989
8,co_rotating,co_rotating,628,-0.2658759370506722,0.9531006040185125,4.237483
8,lab_2pi,lab,1,0.7240999535700522,0.9506461275668717,0.99373454
8,lab_2pi,lab,628,-0.2658771527644139,0.9531019974463802,4.2374635
8,lab_1p7,lab,1,0.9988415036067717,0.9974673244224054,0.053824857
8,lab_1p7,lab,628,-0.22915898195994372,0.9659567342032792,13.591963
8,lab_2p9,lab,1,0.9981896101181144,0.994507577739004,0.06526871
8,lab_2p9,lab,628,-0.10841453237324798,0.9515265710431293,10.866995
8,lab_1p7,co_rotating,1,0.7240203252663074,0.9508505540621651,1.0269015
8,lab_1p7,co_rotating,628,-0.2658769271996816,0.953100333234295,4.2374835
3,co_rotating,co_rotating,1,-0.29242425797348803,0.8027595476816046,5.8335466
3,co_rotating,co_rotating,628,0.09883670430280835,0.8397384163005243,19.4604
3,lab_2pi,lab,1,-0.08012730401903224,0.7760376304461316,4.101356
3,lab_2pi,lab,628,0.09882608063578213,0.8397262625681462,19.460533
3,lab_1p7,lab,1,0.9963220022239744,0.9969131986386034,0.09103182
3,lab_1p7,lab,628,-0.14732005317432284,0.5283705978454503,30.475391
3,lab_2p9,lab,1,0.9981689901053268,0.9932773089334199,0.06059602
3,lab_2p9,lab,628,0.43747012805816454,0.3511341613162509,26.139751
3,lab_1p7,co_rotating,1,-0.29242617485699957,0.8027578388575856,5.833553
3,lab_1p7,co_rotating,628,0.09883425432736234,0.8397423084897048,19.460592
6,co_rotating,co_rotating,1,0.40276043444034526,0.9449217994183121,2.2945406
6,co_rotating,co_rotating,628,-0.028950492805201865,0.8780713046516774,5.801738
6,lab_2pi,lab,1,0.3361765101392694,0.940356556766386,2.4804654
6,lab_2pi,lab,628,0.06831781006415977,0.8687050047330561,9.110578
6,lab_1p7,lab,1,0.9979491599189024,0.9989229145899524,0.06547836
6,lab_1p7,lab,628,0.12944420897117437,0.8755449128834555,15.259453
6,lab_2p9,lab,1,0.9983264246960928,0.9994232849520868,0.058337223
6,lab_2p9,lab,628,0.1076235859817965,0.7693154973178777,17.501513
6,lab_1p7,co_rotating,1,0.4027606849632822,0.94492242619997,2.2945375
6,lab_1p7,co_rotating,628,-0.028951825862890072,0.878070823105247,5.80172
4,co_rotating,co_rotating,1,0.4149967397861187,0.8624742120264854,2.327845
4,co_rotating,co_rotating,628,0.14721807300733836,-0.24997299208753548,6.744514
4,lab_2pi,lab,1,0.4591908400388844,0.8769541727066837,2.0063727
4,lab_2pi,lab,628,0.14721921507818891,-0.24996919409321117,6.7443967
4,lab_1p7,lab,1,0.9933293112096181,0.9924442918837045,0.12039811
4,lab_1p7,lab,628,0.33705835900741665,0.9017101804385294,6.903202
4,lab_2p9,lab,1,0.9920730763369978,0.9930917548849899,0.12862484
4,lab_2p9,lab,628,-0.3121165322081041,0.8766831757390473,10.018092
4,lab_1p7,co_rotating,1,0.41499672186462905,0.8624737673647751,2.3278468
4,lab_1p7,co_rotating,628,0.14721937375144575,-0.24997676682248324,6.7445183
7,co_rotating,co_rotating,1,0.32903379786681514,0.6606260156364799,0.9994813
7,co_rotating,co_rotating,628,0.28881618840064177,-0.5308027452740208,10.889122
7,lab_2pi,lab,1,0.33426194738802256,0.6596528608414833,0.9994667
7,lab_2pi,lab,628,0.28881875566277626,-0.5308024299777978,10.8889
7,lab_1p7,lab,1,0.9952418578921675,0.9973738470652603,0.09757162
7,lab_1p7,lab,628,0.17185615022848108,0.07827760147134145,25.415657
7,lab_2p9,lab,1,0.9973680152003059,0.997986345625911,0.07486351
7,lab_2p9,lab,628,0.24956259025803204,-0.20155817042614071,24.912996
7,lab_1p7,co_rotating,1,0.32970457743017334,0.6606279633217313,0.9994793
7,lab_1p7,co_rotating,628,0.2888170963002698,-0.5308021813445881,10.889161
2,co_rotating,co_rotating,1,0.9253032536946949,0.8675612937220126,0.4534179
2,co_rotating,co_rotating,628,0.775519971679955,0.8353926529383738,2.1641996
2,lab_2pi,lab,1,0.9259490409868744,0.8712261624962798,0.44744694
2,lab_2pi,lab,628,0.7755180566348757,0.8353878400317235,2.1642046
2,lab_1p7,lab,1,0.9977247207386181,0.9943438281448499,0.06750649
2,lab_1p7,lab,628,0.23202950490305962,0.041410718355524075,4.6094403
2,lab_2p9,lab,1,0.9977177208604636,0.9911654905355584,0.06761406
2,lab_2p9,lab,628,-0.03730727657167748,0.48196218194396656,3.6524577
2,lab_1p7,co_rotating,1,0.9253030411982079,0.8675612599121507,0.45341736
2,lab_1p7,co_rotating,628,0.7755199607930862,0.835396938485373,2.1641986
5,co_rotating,co_rotating,1,0.6080844870715622,-0.2507439663571758,2.1324813
5,co_rotating,co_rotating,628,0.2019031436370379,-0.865397840258239,15.0735855
5,lab_2pi,lab,1,0.609227303501231,-0.2865217072311786,2.051444
5,lab_2pi,lab,628,0.20190032409758102,-0.8654026239448,15.073612
5,lab_1p7,lab,1,0.9976533565763688,0.9799999801706925,0.068960644
5,lab_1p7,lab,628,0.11220367375298,-0.4313565362521027,16.23669
5,lab_2p9,lab,1,0.9987392729476432,0.9822384877420334,0.050222684
5,lab_2p9,lab,628,0.26069549970327577,0.2659999762296137,12.066642
5,lab_1p7,co_rotating,1,0.6080832411764443,-0.25074376768569506,2.132481
5,lab_1p7,co_rotating,628,0.20190172403011986,-0.8653965761231025,15.073606
