gitrev,hid,depth,din,R_relax,ε,ω_p,n_cycles,cos_min,pass,reps
unknown,64,2,784,0.01923077,0.01,0.02,4,0.8484929,false,8
unknown,64,2,784,0.01923077,0.01,0.05,4,0.7391242,false,8
unknown,64,2,784,0.01923077,0.01,0.05,8,0.7199662,false,8
unknown,64,2,784,0.01923077,0.01,0.05,16,0.5113523,false,8
unknown,64,2,784,0.01923077,0.01,0.1,4,0.102908835,false,8
unknown,64,2,784,0.01923077,0.01,0.1,8,0.023874212,false,8
unknown,64,2,784,0.01923077,0.01,0.1,16,-0.6279887,false,8
unknown,64,2,784,0.01923077,0.01,0.2,4,-0.01502456,false,8
unknown,64,2,784,0.01923077,0.01,0.2,8,-0.18498863,false,8
unknown,64,2,784,0.01923077,0.01,0.2,16,-0.15884416,false,8
unknown,64,2,784,0.01923077,0.03,0.02,4,0.8467711,false,8
unknown,64,2,784,0.01923077,0.03,0.05,4,0.7573325,false,8
unknown,64,2,784,0.01923077,0.03,0.05,8,0.7753587,false,8
unknown,64,2,784,0.01923077,0.03,0.05,16,0.40720975,false,8
unknown,64,2,784,0.01923077,0.03,0.1,4,-0.2500646,false,8
unknown,64,2,784,0.01923077,0.03,0.1,8,0.3653747,false,8
unknown,64,2,784,0.01923077,0.03,0.1,16,0.19455944,false,8
unknown,64,2,784,0.01923077,0.03,0.2,4,-0.043449048,false,8
unknown,64,2,784,0.01923077,0.03,0.2,8,0.02275926,false,8
unknown,64,2,784,0.01923077,0.03,0.2,16,-0.007282891,false,8
unknown,64,2,784,0.01923077,0.1,0.02,4,0.9334106,false,8
unknown,64,2,784,0.01923077,0.1,0.05,4,0.7353088,false,8
unknown,64,2,784,0.01923077,0.1,0.05,8,0.03966352,false,8
unknown,64,2,784,0.01923077,0.1,0.05,16,0.51365036,false,8
unknown,64,2,784,0.01923077,0.1,0.1,4,0.536484,false,8
unknown,64,2,784,0.01923077,0.1,0.1,8,0.54722774,false,8
unknown,64,2,784,0.01923077,0.1,0.1,16,0.19606134,false,8
unknown,64,2,784,0.01923077,0.1,0.2,4,0.24428777,false,8
unknown,64,2,784,0.01923077,0.1,0.2,8,0.14499597,false,8
unknown,64,2,784,0.01923077,0.1,0.2,16,-0.11837912,false,8
unknown,64,2,784,0.01923077,0.3,0.02,4,0.94484246,false,8
unknown,64,2,784,0.01923077,0.3,0.05,4,0.81272286,false,8
unknown,64,2,784,0.01923077,0.3,0.05,8,0.810004,false,8
unknown,64,2,784,0.01923077,0.3,0.05,16,0.44936576,false,8
unknown,64,2,784,0.01923077,0.3,0.1,4,0.5959338,false,8
unknown,64,2,784,0.01923077,0.3,0.1,8,0.6319007,false,8
unknown,64,2,784,0.01923077,0.3,0.1,16,0.51061976,false,8
unknown,64,2,784,0.01923077,0.3,0.2,4,-0.042580366,false,8
unknown,64,2,784,0.01923077,0.3,0.2,8,0.099872544,false,8
unknown,64,2,784,0.01923077,0.3,0.2,16,-0.17895482,false,8
unknown,64,3,784,0.005167959,0.01,0.02,4,0.8837673,false,8
unknown,64,3,784,0.005167959,0.01,0.05,4,-0.7229961,false,8
unknown,64,3,784,0.005167959,0.01,0.05,8,0.5246532,false,8
unknown,64,3,784,0.005167959,0.01,0.05,16,0.1148257,false,8
unknown,64,3,784,0.005167959,0.01,0.1,4,0.057805113,false,8
unknown,64,3,784,0.005167959,0.01,0.1,8,-0.1386113,false,8
unknown,64,3,784,0.005167959,0.01,0.1,16,-0.08480904,false,8
unknown,64,3,784,0.005167959,0.01,0.2,4,-0.17456663,false,8
unknown,64,3,784,0.005167959,0.01,0.2,8,-0.2447418,false,8
unknown,64,3,784,0.005167959,0.01,0.2,16,-0.31634983,false,8
unknown,64,3,784,0.005167959,0.03,0.02,4,0.74037,false,8
unknown,64,3,784,0.005167959,0.03,0.05,4,0.679508,false,8
unknown,64,3,784,0.005167959,0.03,0.05,8,-0.8559553,false,8
unknown,64,3,784,0.005167959,0.03,0.05,16,0.12529838,false,8
unknown,64,3,784,0.005167959,0.03,0.1,4,0.15901494,false,8
unknown,64,3,784,0.005167959,0.03,0.1,8,0.044522114,false,8
unknown,64,3,784,0.005167959,0.03,0.1,16,-0.17611176,false,8
unknown,64,3,784,0.005167959,0.03,0.2,4,-0.16988465,false,8
unknown,64,3,784,0.005167959,0.03,0.2,8,-0.21909536,false,8
unknown,64,3,784,0.005167959,0.03,0.2,16,-0.04279405,false,8
unknown,64,3,784,0.005167959,0.1,0.02,4,0.7886957,false,8
unknown,64,3,784,0.005167959,0.1,0.05,4,0.60258526,false,8
unknown,64,3,784,0.005167959,0.1,0.05,8,0.7458842,false,8
unknown,64,3,784,0.005167959,0.1,0.05,16,0.32100302,false,8
unknown,64,3,784,0.005167959,0.1,0.1,4,0.2275518,false,8
unknown,64,3,784,0.005167959,0.1,0.1,8,0.14138761,false,8
unknown,64,3,784,0.005167959,0.1,0.1,16,0.096191175,false,8
unknown,64,3,784,0.005167959,0.1,0.2,4,-0.42532095,false,8
unknown,64,3,784,0.005167959,0.1,0.2,8,-0.2759076,false,8
unknown,64,3,784,0.005167959,0.1,0.2,16,-0.083201975,false,8
unknown,64,3,784,0.005167959,0.3,0.02,4,0.16794142,false,8
unknown,64,3,784,0.005167959,0.3,0.05,4,0.50026804,false,8
unknown,64,3,784,0.005167959,0.3,0.05,8,0.75460535,false,8
unknown,64,3,784,0.005167959,0.3,0.05,16,0.20112798,false,8
unknown,64,3,784,0.005167959,0.3,0.1,4,0.5022449,false,8
unknown,64,3,784,0.005167959,0.3,0.1,8,0.18478322,false,8
unknown,64,3,784,0.005167959,0.3,0.1,16,0.258464,false,8
unknown,64,3,784,0.005167959,0.3,0.2,4,-0.46249017,false,8
unknown,64,3,784,0.005167959,0.3,0.2,8,-0.22701518,false,8
unknown,64,3,784,0.005167959,0.3,0.2,16,-0.056154754,false,8
unknown,64,4,784,0.007843138,0.01,0.02,4,0.4425139,false,8
unknown,64,4,784,0.007843138,0.01,0.05,4,-0.6311187,false,8
unknown,64,4,784,0.007843138,0.01,0.05,8,-0.79671884,false,8
unknown,64,4,784,0.007843138,0.01,0.05,16,-0.11187077,false,8
unknown,64,4,784,0.007843138,0.01,0.1,4,-0.1751519,false,8
unknown,64,4,784,0.007843138,0.01,0.1,8,-0.11837501,false,8
unknown,64,4,784,0.007843138,0.01,0.1,16,-0.13778986,false,8
unknown,64,4,784,0.007843138,0.01,0.2,4,-0.28179115,false,8
unknown,64,4,784,0.007843138,0.01,0.2,8,-0.30832627,false,8
unknown,64,4,784,0.007843138,0.01,0.2,16,-0.22774653,false,8
unknown,64,4,784,0.007843138,0.03,0.02,4,0.6909547,false,8
unknown,64,4,784,0.007843138,0.03,0.05,4,0.61529624,false,8
unknown,64,4,784,0.007843138,0.03,0.05,8,-0.63434666,false,8
unknown,64,4,784,0.007843138,0.03,0.05,16,-0.13500643,false,8
unknown,64,4,784,0.007843138,0.03,0.1,4,-0.17743893,false,8
unknown,64,4,784,0.007843138,0.03,0.1,8,-0.10815906,false,8
unknown,64,4,784,0.007843138,0.03,0.1,16,-0.15924513,false,8
unknown,64,4,784,0.007843138,0.03,0.2,4,-0.22196595,false,8
unknown,64,4,784,0.007843138,0.03,0.2,8,-0.22614828,false,8
unknown,64,4,784,0.007843138,0.03,0.2,16,-0.2596296,false,8
unknown,64,4,784,0.007843138,0.1,0.02,4,0.876753,false,8
unknown,64,4,784,0.007843138,0.1,0.05,4,0.49935064,false,8
unknown,64,4,784,0.007843138,0.1,0.05,8,-0.38998896,false,8
unknown,64,4,784,0.007843138,0.1,0.05,16,0.58484125,false,8
unknown,64,4,784,0.007843138,0.1,0.1,4,-0.18298656,false,8
unknown,64,4,784,0.007843138,0.1,0.1,8,-0.026154919,false,8
unknown,64,4,784,0.007843138,0.1,0.1,16,-0.3178457,false,8
unknown,64,4,784,0.007843138,0.1,0.2,4,-0.4295611,false,8
unknown,64,4,784,0.007843138,0.1,0.2,8,-0.4242041,false,8
unknown,64,4,784,0.007843138,0.1,0.2,16,-0.38761336,false,8
unknown,64,4,784,0.007843138,0.3,0.02,4,0.7291877,false,8
unknown,64,4,784,0.007843138,0.3,0.05,4,0.49281782,false,8
unknown,64,4,784,0.007843138,0.3,0.05,8,-0.252039,false,8
unknown,64,4,784,0.007843138,0.3,0.05,16,0.48050517,false,8
unknown,64,4,784,0.007843138,0.3,0.1,4,-0.13061686,false,8
unknown,64,4,784,0.007843138,0.3,0.1,8,-0.1444614,false,8
unknown,64,4,784,0.007843138,0.3,0.1,16,-0.32523307,false,8
unknown,64,4,784,0.007843138,0.3,0.2,4,-0.5669163,false,8
unknown,64,4,784,0.007843138,0.3,0.2,8,-0.7135251,false,8
unknown,64,4,784,0.007843138,0.3,0.2,16,-0.3225466,false,8
unknown,256,2,784,0.020408163,0.01,0.02,4,0.6598105,false,8
unknown,256,2,784,0.020408163,0.01,0.05,4,0.38335943,false,8
unknown,256,2,784,0.020408163,0.01,0.05,8,-0.17104463,false,8
unknown,256,2,784,0.020408163,0.01,0.05,16,0.3719089,false,8
unknown,256,2,784,0.020408163,0.01,0.1,4,-0.23749629,false,8
unknown,256,2,784,0.020408163,0.01,0.1,8,-0.062358867,false,8
unknown,256,2,784,0.020408163,0.01,0.1,16,-0.1212956,false,8
unknown,256,2,784,0.020408163,0.01,0.2,4,-0.045437984,false,8
unknown,256,2,784,0.020408163,0.01,0.2,8,-0.123916194,false,8
unknown,256,2,784,0.020408163,0.01,0.2,16,-0.20050229,false,8
unknown,256,2,784,0.020408163,0.03,0.02,4,0.86198634,false,8
unknown,256,2,784,0.020408163,0.03,0.05,4,0.7845727,false,8
unknown,256,2,784,0.020408163,0.03,0.05,8,0.7886251,false,8
unknown,256,2,784,0.020408163,0.03,0.05,16,0.7583251,false,8
unknown,256,2,784,0.020408163,0.03,0.1,4,0.45477065,false,8
unknown,256,2,784,0.020408163,0.03,0.1,8,-0.28481984,false,8
unknown,256,2,784,0.020408163,0.03,0.1,16,0.14944436,false,8
unknown,256,2,784,0.020408163,0.03,0.2,4,0.03201023,false,8
unknown,256,2,784,0.020408163,0.03,0.2,8,-0.087434724,false,8
unknown,256,2,784,0.020408163,0.03,0.2,16,-0.08035203,false,8
unknown,256,2,784,0.020408163,0.1,0.02,4,0.9416753,false,8
unknown,256,2,784,0.020408163,0.1,0.05,4,0.73235506,false,8
unknown,256,2,784,0.020408163,0.1,0.05,8,0.115248434,false,8
unknown,256,2,784,0.020408163,0.1,0.05,16,0.20935154,false,8
unknown,256,2,784,0.020408163,0.1,0.1,4,0.46428356,false,8
unknown,256,2,784,0.020408163,0.1,0.1,8,0.35996133,false,8
unknown,256,2,784,0.020408163,0.1,0.1,16,0.16915359,false,8
unknown,256,2,784,0.020408163,0.1,0.2,4,0.020626318,false,8
unknown,256,2,784,0.020408163,0.1,0.2,8,-0.13400242,false,8
unknown,256,2,784,0.020408163,0.1,0.2,16,-0.02108278,false,8
unknown,256,2,784,0.020408163,0.3,0.02,4,0.8888044,false,8
unknown,256,2,784,0.020408163,0.3,0.05,4,0.74211746,false,8
unknown,256,2,784,0.020408163,0.3,0.05,8,0.6955647,false,8
unknown,256,2,784,0.020408163,0.3,0.05,16,0.82870597,false,8
unknown,256,2,784,0.020408163,0.3,0.1,4,0.3323691,false,8
unknown,256,2,784,0.020408163,0.3,0.1,8,0.2961342,false,8
unknown,256,2,784,0.020408163,0.3,0.1,16,-0.3761316,false,8
unknown,256,2,784,0.020408163,0.3,0.2,4,0.003783991,false,8
unknown,256,2,784,0.020408163,0.3,0.2,8,-0.10394569,false,8
unknown,256,2,784,0.020408163,0.3,0.2,16,0.047083065,false,8
unknown,256,3,784,0.005249344,0.01,0.02,4,-0.21043018,false,8
unknown,256,3,784,0.005249344,0.01,0.05,4,0.32615417,false,8
unknown,256,3,784,0.005249344,0.01,0.05,8,-0.12746276,false,8
unknown,256,3,784,0.005249344,0.01,0.05,16,0.15496534,false,8
unknown,256,3,784,0.005249344,0.01,0.1,4,-0.057313737,false,8
unknown,256,3,784,0.005249344,0.01,0.1,8,-0.16885827,false,8
unknown,256,3,784,0.005249344,0.01,0.1,16,-0.08088704,false,8
unknown,256,3,784,0.005249344,0.01,0.2,4,-0.17802487,false,8
unknown,256,3,784,0.005249344,0.01,0.2,8,-0.1294772,false,8
unknown,256,3,784,0.005249344,0.01,0.2,16,-0.13842115,false,8
unknown,256,3,784,0.005249344,0.03,0.02,4,0.32865474,false,8
unknown,256,3,784,0.005249344,0.03,0.05,4,0.04684751,false,8
unknown,256,3,784,0.005249344,0.03,0.05,8,-0.5838373,false,8
unknown,256,3,784,0.005249344,0.03,0.05,16,0.3020003,false,8
unknown,256,3,784,0.005249344,0.03,0.1,4,-0.048654504,false,8
unknown,256,3,784,0.005249344,0.03,0.1,8,-0.42967883,false,8
unknown,256,3,784,0.005249344,0.03,0.1,16,-0.62154895,false,8
unknown,256,3,784,0.005249344,0.03,0.2,4,-0.12477067,false,8
unknown,256,3,784,0.005249344,0.03,0.2,8,-0.18959491,false,8
unknown,256,3,784,0.005249344,0.03,0.2,16,-0.43314984,false,8
unknown,256,3,784,0.005249344,0.1,0.02,4,0.5755484,false,8
unknown,256,3,784,0.005249344,0.1,0.05,4,0.18551147,false,8
unknown,256,3,784,0.005249344,0.1,0.05,8,0.14753011,false,8
unknown,256,3,784,0.005249344,0.1,0.05,16,-0.22601458,false,8
unknown,256,3,784,0.005249344,0.1,0.1,4,0.015130683,false,8
unknown,256,3,784,0.005249344,0.1,0.1,8,-0.44628555,false,8
unknown,256,3,784,0.005249344,0.1,0.1,16,0.06976488,false,8
unknown,256,3,784,0.005249344,0.1,0.2,4,-0.19079068,false,8
unknown,256,3,784,0.005249344,0.1,0.2,8,-0.4297908,false,8
unknown,256,3,784,0.005249344,0.1,0.2,16,-0.4226701,false,8
unknown,256,3,784,0.005249344,0.3,0.02,4,-0.4611434,false,8
unknown,256,3,784,0.005249344,0.3,0.05,4,0.23754284,false,8
unknown,256,3,784,0.005249344,0.3,0.05,8,0.34632632,false,8
unknown,256,3,784,0.005249344,0.3,0.05,16,0.44850472,false,8
unknown,256,3,784,0.005249344,0.3,0.1,4,0.043066517,false,8
unknown,256,3,784,0.005249344,0.3,0.1,8,0.10641732,false,8
unknown,256,3,784,0.005249344,0.3,0.1,16,-0.16923565,false,8
unknown,256,3,784,0.005249344,0.3,0.2,4,-0.5118549,false,8
unknown,256,3,784,0.005249344,0.3,0.2,8,-0.207137,false,8
unknown,256,3,784,0.005249344,0.3,0.2,16,-0.2409544,false,8
unknown,256,4,784,0.0055710305,0.01,0.02,4,-0.15652388,false,8
unknown,256,4,784,0.0055710305,0.01,0.05,4,0.04795167,false,8
unknown,256,4,784,0.0055710305,0.01,0.05,8,-0.12452993,false,8
unknown,256,4,784,0.0055710305,0.01,0.05,16,-0.2647018,false,8
unknown,256,4,784,0.0055710305,0.01,0.1,4,-0.14285494,false,8
unknown,256,4,784,0.0055710305,0.01,0.1,8,-0.17583595,false,8
unknown,256,4,784,0.0055710305,0.01,0.1,16,-0.2601776,false,8
unknown,256,4,784,0.0055710305,0.01,0.2,4,-0.13744207,false,8
unknown,256,4,784,0.0055710305,0.01,0.2,8,-0.562581,false,8
unknown,256,4,784,0.0055710305,0.01,0.2,16,-0.16865505,false,8
unknown,256,4,784,0.0055710305,0.03,0.02,4,0.02949527,false,8
unknown,256,4,784,0.0055710305,0.03,0.05,4,-0.33529538,false,8
unknown,256,4,784,0.0055710305,0.03,0.05,8,-0.26759025,false,8
unknown,256,4,784,0.0055710305,0.03,0.05,16,-0.045618173,false,8
unknown,256,4,784,0.0055710305,0.03,0.1,4,-0.5184076,false,8
unknown,256,4,784,0.0055710305,0.03,0.1,8,-0.3704355,false,8
unknown,256,4,784,0.0055710305,0.03,0.1,16,-0.093845926,false,8
unknown,256,4,784,0.0055710305,0.03,0.2,4,-0.19372268,false,8
unknown,256,4,784,0.0055710305,0.03,0.2,8,-0.6341015,false,8
unknown,256,4,784,0.0055710305,0.03,0.2,16,-0.32406434,false,8
unknown,256,4,784,0.0055710305,0.1,0.02,4,-0.14294359,false,8
unknown,256,4,784,0.0055710305,0.1,0.05,4,0.2726194,false,8
unknown,256,4,784,0.0055710305,0.1,0.05,8,-0.30930775,false,8
unknown,256,4,784,0.0055710305,0.1,0.05,16,-0.038229804,false,8
unknown,256,4,784,0.0055710305,0.1,0.1,4,-0.24885203,false,8
unknown,256,4,784,0.0055710305,0.1,0.1,8,-0.3806177,false,8
unknown,256,4,784,0.0055710305,0.1,0.1,16,-0.2947033,false,8
unknown,256,4,784,0.0055710305,0.1,0.2,4,-0.43667012,false,8
unknown,256,4,784,0.0055710305,0.1,0.2,8,-0.340262,false,8
unknown,256,4,784,0.0055710305,0.1,0.2,16,-0.5115469,false,8
unknown,256,4,784,0.0055710305,0.3,0.02,4,0.3042196,false,8
unknown,256,4,784,0.0055710305,0.3,0.05,4,0.19134003,false,8
unknown,256,4,784,0.0055710305,0.3,0.05,8,-0.4040748,false,8
unknown,256,4,784,0.0055710305,0.3,0.05,16,-0.010035742,false,8
unknown,256,4,784,0.0055710305,0.3,0.1,4,-0.2524556,false,8
unknown,256,4,784,0.0055710305,0.3,0.1,8,-0.15097457,false,8
unknown,256,4,784,0.0055710305,0.3,0.1,16,-0.40022612,false,8
unknown,256,4,784,0.0055710305,0.3,0.2,4,-0.44093746,false,8
unknown,256,4,784,0.0055710305,0.3,0.2,8,-0.29266754,false,8
unknown,256,4,784,0.0055710305,0.3,0.2,16,-0.2770553,false,8
unknown,1024,2,784,0.006329114,0.01,0.02,4,0.63674587,false,8
unknown,1024,2,784,0.006329114,0.01,0.05,4,0.4146763,false,8
unknown,1024,2,784,0.006329114,0.01,0.05,8,0.05653673,false,8
unknown,1024,2,784,0.006329114,0.01,0.05,16,0.24228904,false,8
unknown,1024,2,784,0.006329114,0.01,0.1,4,0.041848045,false,8
unknown,1024,2,784,0.006329114,0.01,0.1,8,0.011148987,false,8
unknown,1024,2,784,0.006329114,0.01,0.1,16,-0.056864094,false,8
unknown,1024,2,784,0.006329114,0.01,0.2,4,-0.005690271,false,8
unknown,1024,2,784,0.006329114,0.01,0.2,8,-0.07706221,false,8
unknown,1024,2,784,0.006329114,0.01,0.2,16,-0.03419807,false,8
unknown,1024,2,784,0.006329114,0.03,0.02,4,0.88455814,false,8
unknown,1024,2,784,0.006329114,0.03,0.05,4,0.5215755,false,8
unknown,1024,2,784,0.006329114,0.03,0.05,8,0.7064025,false,8
unknown,1024,2,784,0.006329114,0.03,0.05,16,0.14627935,false,8
unknown,1024,2,784,0.006329114,0.03,0.1,4,0.23182179,false,8
unknown,1024,2,784,0.006329114,0.03,0.1,8,-0.48962492,false,8
unknown,1024,2,784,0.006329114,0.03,0.1,16,0.025926752,false,8
unknown,1024,2,784,0.006329114,0.03,0.2,4,-0.11608168,false,8
unknown,1024,2,784,0.006329114,0.03,0.2,8,0.029169576,false,8
unknown,1024,2,784,0.006329114,0.03,0.2,16,-0.3094154,false,8
unknown,1024,2,784,0.006329114,0.1,0.02,4,0.8420355,false,8
unknown,1024,2,784,0.006329114,0.1,0.05,4,0.7485635,false,8
unknown,1024,2,784,0.006329114,0.1,0.05,8,0.7387562,false,8
unknown,1024,2,784,0.006329114,0.1,0.05,16,0.43596336,false,8
unknown,1024,2,784,0.006329114,0.1,0.1,4,0.32049283,false,8
unknown,1024,2,784,0.006329114,0.1,0.1,8,0.22393808,false,8
unknown,1024,2,784,0.006329114,0.1,0.1,16,0.25594744,false,8
unknown,1024,2,784,0.006329114,0.1,0.2,4,0.016560968,false,8
unknown,1024,2,784,0.006329114,0.1,0.2,8,0.08757087,false,8
unknown,1024,2,784,0.006329114,0.1,0.2,16,0.017894201,false,8
unknown,1024,2,784,0.006329114,0.3,0.02,4,0.32761925,false,8
unknown,1024,2,784,0.006329114,0.3,0.05,4,0.6434297,false,8
unknown,1024,2,784,0.006329114,0.3,0.05,8,0.6295114,false,8
unknown,1024,2,784,0.006329114,0.3,0.05,16,0.22671442,false,8
unknown,1024,2,784,0.006329114,0.3,0.1,4,-0.24504492,false,8
unknown,1024,2,784,0.006329114,0.3,0.1,8,0.4351822,false,8
unknown,1024,2,784,0.006329114,0.3,0.1,16,0.08597857,false,8
unknown,1024,2,784,0.006329114,0.3,0.2,4,0.1186889,false,8
unknown,1024,2,784,0.006329114,0.3,0.2,8,-0.013994454,false,8
unknown,1024,2,784,0.006329114,0.3,0.2,16,0.065144874,false,8
unknown,1024,3,784,0.004,0.01,0.02,4,0.0802672,false,8
unknown,1024,3,784,0.004,0.01,0.05,4,-0.5275918,false,8
unknown,1024,3,784,0.004,0.01,0.05,8,-0.11350386,false,8
unknown,1024,3,784,0.004,0.01,0.05,16,-0.10536545,false,8
unknown,1024,3,784,0.004,0.01,0.1,4,-0.33400816,false,8
unknown,1024,3,784,0.004,0.01,0.1,8,-0.3197774,false,8
unknown,1024,3,784,0.004,0.01,0.1,16,-0.18009932,false,8
unknown,1024,3,784,0.004,0.01,0.2,4,-0.28991297,false,8
unknown,1024,3,784,0.004,0.01,0.2,8,-0.056654073,false,8
unknown,1024,3,784,0.004,0.01,0.2,16,-0.17049932,false,8
unknown,1024,3,784,0.004,0.03,0.02,4,0.29227835,false,8
unknown,1024,3,784,0.004,0.03,0.05,4,-0.13633816,false,8
unknown,1024,3,784,0.004,0.03,0.05,8,-0.107779466,false,8
unknown,1024,3,784,0.004,0.03,0.05,16,-0.16117544,false,8
unknown,1024,3,784,0.004,0.03,0.1,4,-0.19450846,false,8
unknown,1024,3,784,0.004,0.03,0.1,8,-0.27298635,false,8
unknown,1024,3,784,0.004,0.03,0.1,16,-0.25828344,false,8
unknown,1024,3,784,0.004,0.03,0.2,4,-0.70233065,false,8
unknown,1024,3,784,0.004,0.03,0.2,8,-0.36949924,false,8
unknown,1024,3,784,0.004,0.03,0.2,16,-0.070972145,false,8
unknown,1024,3,784,0.004,0.1,0.02,4,0.13914587,false,8
unknown,1024,3,784,0.004,0.1,0.05,4,-0.11432651,false,8
unknown,1024,3,784,0.004,0.1,0.05,8,-0.07370897,false,8
unknown,1024,3,784,0.004,0.1,0.05,16,0.16601357,false,8
unknown,1024,3,784,0.004,0.1,0.1,4,-0.06609671,false,8
unknown,1024,3,784,0.004,0.1,0.1,8,-0.19350865,false,8
unknown,1024,3,784,0.004,0.1,0.1,16,-0.07259265,false,8
unknown,1024,3,784,0.004,0.1,0.2,4,-0.44632187,false,8
unknown,1024,3,784,0.004,0.1,0.2,8,-0.35991213,false,8
unknown,1024,3,784,0.004,0.1,0.2,16,-0.21052992,false,8
unknown,1024,3,784,0.004,0.3,0.02,4,-0.11320332,false,8
unknown,1024,3,784,0.004,0.3,0.05,4,0.19315712,false,8
unknown,1024,3,784,0.004,0.3,0.05,8,-0.017823504,false,8
unknown,1024,3,784,0.004,0.3,0.05,16,0.012197245,false,8
unknown,1024,3,784,0.004,0.3,0.1,4,-0.15179622,false,8
unknown,1024,3,784,0.004,0.3,0.1,8,-0.07659344,false,8
unknown,1024,3,784,0.004,0.3,0.1,16,-0.16796,false,8
unknown,1024,3,784,0.004,0.3,0.2,4,-0.1130198,false,8
unknown,1024,3,784,0.004,0.3,0.2,8,-0.52313596,false,8
unknown,1024,3,784,0.004,0.3,0.2,16,-0.1713809,false,8
